path,ext,width_px,height_px,feature,sha1
0.png,.png,128,128,,d8aa69d81cc397fc57ac89fdaef733bf19ab56da
1.png,.png,128,128,,b51dec88f4c3bbde5b66e22ce9be6c458be06529
10.png,.png,128,128,,9d11ac628b80ed01952479596a9563e73d886ad9
100.png,.png,48,48,,2bb445f5d1154095ef8d6c24906ac100c0c88d36
101.png,.png,48,48,,e231aa6bc02ea5e4a2d6ba84c8ef24acf8a8364c
102.png,.png,48,48,,ba0ea32c95d880117e8e322759013289a80cc0bc
103.png,.png,48,48,,a5ea395b06de4f02fd22c5583bc6d1a96b9174fa
104.png,.png,48,48,,2f791f993ab9f25ce8b3ee1010fe939a34a2cd75
11.png,.png,128,128,,e32830437e4891a3fdc3ddcd2d93452b00028183
12.png,.png,128,128,,4aeb7d0c9210bf8233389d15c7f52d3349ad57a8
13.png,.png,128,128,,6f46225c50130d9941f5bb753feb8cead108fd65
14.png,.png,128,128,,65ad25f796e8a955a3e24fa364b2b3e35d75f35d
15.png,.png,128,128,,c0a25073762423826f6a25057a0dbcca5c13879e
16.png,.png,48,48,,8c4712bc8fcc663042e0c8208f14d84f26495f6a
17.png,.png,128,128,,e3427052e640b1a7cc67faf781e40f16c05a426d
18.png,.png,128,128,,3ef89911f773f6052e896ae87e958397ba11d090
19.png,.png,128,128,,e49534a79d5f01616be0cfd4abef6829a9c97c4d
2.png,.png,128,128,,9aa91ee4ee9281c9aa38cffcc504c6153407110a
20.png,.png,128,128,,e59d8a53fdbdd9f2da84ba48a8c61593d2648ce2
21.png,.png,128,128,,dd262eb3f2d7fedec897e45ba75549029f4c29bd
22.png,.png,128,128,,1aa74ffb843eebcc8dd12428db25f8299b89c47a
23.png,.png,128,128,,ff2b2e014c48bcf2d296e64d7ce5447ed5c614b6
24.png,.png,48,48,,8b3eec252e7c3e2c72c4eedf0275eb5baf7ac07b
25.png,.png,128,128,,9efb09672c4bc62691535ef531596d486be1e8d8
26.png,.png,128,128,,5b8f9f1eeb9de18f4dd65cb4fa719d26a24db511
27.png,.png,48,48,,0adb0f1571ffc1f70182188781299380831cfe49
28.png,.png,128,128,,0c7b74365a9eccb2e0a4140fd860c3cea49a19b9
29.png,.png,128,128,,d535251f342e21139b3049ddb18c0e0cf857fd71
2_02.png,.png,128,128,,406985062a341df3e159f816c6c17eb1bd0f6ab1
2_04.png,.png,128,128,,a067563c8d871acb8bddd5abe212d62611ec5897
2_05.png,.png,128,128,,ef50f56ce9864739592047e783af9692348e97ca
2_06.png,.png,128,128,,1fb50f290a6e86b98f7302be191f0a98550141a2
2_07.png,.png,64,64,,233c38e5cd07ba3d8343ee3cf77fb84dfd8bb47e
2_09.png,.png,128,128,,c7591759ee62f3c88a29f708ddfa8771c7d63eae
2_10.png,.png,64,64,,1b259c2ae6ed8c9da6cdcd7aec39962f3e91af11
2_11.png,.png,128,128,,1f168f1312bef0adbf7bbd590c4e54f395679f66
2_12.png,.png,128,128,,b11a4b330865ea048fea910e87f0a93f8101b790
2_14.png,.png,64,64,,4f015d5b147908861ff2ec2701fc61b85a07ce75
2_15.png,.png,128,128,,79229771258b61be8cc6e3dd5dca62ca8a3659a6
2_16.png,.png,128,128,,8c938406108c0964fdf8aae1d5f0b11b0981e4ad
2_17.png,.png,64,64,,3047352964a5a9741b3aa2e75075b514239b43c5
3.png,.png,128,128,,171ae7833948ff078c12e8b050e765ca68a51732
30.png,.png,48,48,,23084cfbf804c5ad9418988c73ba26ced04c3dc8
31.png,.png,128,128,,c47e82d01a3226aa752583e31ebac84ada3a4537
32.png,.png,128,128,,cc023d0992b4fbc0c5636d484cac1e6564b40c8b
33.png,.png,128,128,,491c3944c2b5f3c7a0d951101ff52e1e2836b32b
34.png,.png,128,128,,ccb6d0d15578c33f791a3e5ccb5fb0ef2ad85df0
35.png,.png,48,48,,cc528db819a5365d5e54515486617aa65745912c
36.png,.png,128,128,,ef88901fe58e9c0cd9258fdb12991bff4412bcce
37.png,.png,128,128,,b7d47f7145617cbc36bba1a20913cf0910eb9adc
38.png,.png,128,128,,7964eb25f26cf8fbc28847760cb4af762a60abf5
39.png,.png,128,128,,662d74a532a5ced1a3ac38bcdccd0ad6a590878d
4.png,.png,128,128,,ba6c662d898c2c1d184b856de1ca01b603dbba9a
40.png,.png,128,128,,d76ccd566ae67913581800498631a1dd0c7ddd4c
41.png,.png,128,128,,f36c920474fa6353036965dbbffe4c74ef67c052
42.png,.png,128,128,,8504713236fb987a7e1f63159120218b34f5f3be
43.png,.png,48,48,,33f016daf4818b1657b5db67b0b15f1ea2e42dfe
44.png,.png,128,128,,7b00171c2ea2c22f27607e8e322910f93af4ca89
45.png,.png,48,48,,e5669554e8bb87bb10dee61d92f1fd9adffb0ddc
46.png,.png,128,128,,b50dba61a122797c58fdf1fed73d36ae94ccf688
47.png,.png,48,48,,3a6c071e24a5cf3e7ba80a706912d641ac8ab42e
48.png,.png,128,128,,e1ba43ff074e1b4f12957d74cac4e59935ff68c8
49.png,.png,128,128,,36370ba974bf74dd8a773c3e807dfbe80bec2a49
5.png,.png,128,128,,63bf0ec4f94209184d5a917a4289425c5dae49df
50.png,.png,128,128,,6767d02161b745f339e68b18775664a76d647530
51.png,.png,128,128,,a620f575b2e554deeb4595ada56edda19666a0fe
52.png,.png,128,128,,3f6f16355493aff0e1ab41b67dc5c7639fabca66
53.png,.png,48,48,,fede6dbd7b3df2e9f03a9ffff6741e44b390e441
54.png,.png,128,128,,184eae14d7b1178a208cd56ea16a057c2e75dd88
55.png,.png,128,128,,d7fa0bf775a07826f7c9e0d415993301bcc228a1
56.png,.png,48,48,,efd3e0d82b8cd2e77f9829302c8ebe2c173a6d51
57.png,.png,128,128,,22530d1ab1bd69150e2351a35df0c9c3fb040b32
58.png,.png,48,48,,91a4bdee99138ec48ddf7972cdc159a919730249
59.png,.png,48,48,,35398cc26b7a48db28d9f595f05a35dc43565448
6.png,.png,128,128,,c19b799eb436dcb77edc498bb5ea8da2c324d936
60.png,.png,128,128,,0dbaf9cddd52c9ba6af5ff9e84268a4402e640dc
61.png,.png,48,48,,8cb370682dc33f92e34cbfe9ec99a7974f775c63
62.png,.png,128,128,,a52eac37f7f6216a6c0c1620e7a5b642c5c37e05
63.png,.png,128,128,,a6d5fa6d3aad42dbb54a449ace3b4fa6d0133964
64.png,.png,128,128,,e0ac8dc8d1f200e328f6742d717f86a86bd8d962
65.png,.png,128,128,,161e37309652117123bb922d03ca71469ac97853
66.png,.png,128,128,,e8cc1c7abfcb0f757038e5fe1ae9c161c5589fc9
666.png,.png,128,128,,9051974e8ad0abaf8850848cbb78d2ea2765bdb0
67.png,.png,128,128,,3f530d3a8112ee94000748e07b7118c0d1891a0c
68.png,.png,128,128,,01bfcc7cf4f86d11a21259e1d6ab97ca518eb665
69.png,.png,48,48,,e80efb3e6c61b58a478db17a1557f37a9bc034b8
7.png,.png,128,128,,5292797c4c61b93e12628082f99a1851d2c9b32d
70.png,.png,128,128,,9fa9f492f656e5a5066c544a581943b5bf44f85b
71.png,.png,48,48,,15e8626dc4c92d41aac1d19a72c3493ca025afd6
72.png,.png,48,48,,053aa8e2d37ce3ff8f6a8cd0f3c05dd56fb543ab
73.png,.png,48,48,,bcf408ba7e607ed8327a40c3065429aba2d8f12b
74.png,.png,128,128,,5a7e139382472b290338262ea37df9e0bcd07ddf
75.png,.png,128,128,,dfc8bc5e7be01f8d1575aceb19888e8bcab4a4df
76.png,.png,128,128,,ee3d8fba220d5e4cfdf16e9784c8d113bf6d45ab
77.png,.png,128,128,,2ce85c33a4dec4bd0ec38f0ddfef45fac4b26e27
78.png,.png,128,128,,78713c3035bc744cb2b13b7c7a28a0f21ff95b69
79.png,.png,128,128,,ec73ba55a8bb49d7e5a44645702d4eb60645a758
8.png,.png,128,128,,edd90683e365daf969f72720639fecb44fa0848b
80.png,.png,128,128,,8a258dd9df59b9dfe09dc8ce39a6187b776a3076
81.png,.png,128,128,,185ec0ab9476bab904154152e001cc64f2b086c3
82.png,.png,128,128,,72b5ad6abb927bfa89941ae76113d0e781e56225
83.png,.png,128,128,,b3a8e603c8b0ffb3f9e79885164f4e70f0db97a4
84.png,.png,128,128,,113c6e3fda48af00b948d9ed3bde012a0886b7e9
85.png,.png,128,128,,4768d687631d71889dfce7015b87519570b9e75e
86.png,.png,48,48,,5c2a4920406d09e05bc4e3be5ad259c4301b2a25
87.png,.png,48,48,,8eb42f239d0943baba33798ec6eed3434f745e33
88.png,.png,48,48,,e5b9cf6278d50145600ea35ed3e7dd90c0ca4ebc
89.png,.png,128,128,,c248eda7389d0c33b6b7ae214b6832419544ecf5
9.png,.png,128,128,,dd2b35277e29f52c7ad067f6069882cd7207e3a0
90.png,.png,48,48,,bc835f359cc0d95e28ef5a1e136554d8e722b4a1
91.png,.png,48,48,,ca6f1a79429bd25953e805f7fd4675f1d6d7fea4
92.png,.png,128,128,,a1dcf2df817a658e6bacf7b559fd62d34adcfcc9
93.png,.png,128,128,,73d51d5c849c46787a4f18efef2bca6983c68a6e
94.png,.png,48,48,,2966225a27f874dd8c0d6233a64b0135f552f1cb
95.png,.png,128,128,,fac2d01c1bad1d585a9a2be5cdcd0b2ed7acf666
96.png,.png,48,48,,431f4c9e7d55205e341297a21e2145a3cbe751be
97.png,.png,48,48,,3b3c01dd03d0821ca0fcae9c0c42d3ca89600d92
98.png,.png,48,48,,7d52d545b4b0163b138989ce0d9fd24572402779
99.png,.png,48,48,,a882fe2d25ce1c122ef3ba0453503787b78dd961
Addoil.png,.png,128,128,,b50fa4e000b7acedb801e355dc97c593b040127e
Boring.png,.png,128,128,,6c4c0c855871eb745334940b1a190c537d59919e
Broken.png,.png,128,128,,cae680cb00c0c734d593fab8c50a2317cf982628
Cold.png,.png,128,128,,fbc1bca052adeb5253aca750fc8c40c550597db5
DIN-Bold.otf,.otf,,,,3fe608749c87aa2d39684c6c94ce16b83023b6d1
DIN-Medium.otf,.otf,,,,2aa0d52f0d23d68b43725779de299d617e314dcc
Duh.png,.png,128,128,,6dc11e7261c48fb043b67643cda4c8733a9c8933
Firecracker.png,.png,128,128,,9fe4e033ebc343d728b9e84da9f42bb179c90a48
Fireworks.png,.png,128,128,,13d6626da8af59c53e8c2b2fce818ed3c8f591ab
Flushed.png,.png,128,128,,52ffac277a019538cb57b22cd3cf664dd8f47e6d
Gift.png,.png,128,128,,2ce85c33a4dec4bd0ec38f0ddfef45fac4b26e27
Happy.png,.png,128,128,,880b1b74c26afa11b4b2f497f11fc10fb388050e
Hurt.png,.png,128,128,,bf2eae566c37ad3ed7ae8c98f3d92b161e0ed29c
Info.plist,.plist,,,,c3fe974e097fd5bbe74ab9c70dc223d376dddb0c
KeepFighting.png,.png,64,64,,d52e4ec28eb40bf374fb342faa85063c43e8b293
Let Down.png,.png,128,128,,ae748e01975799fb7c97eaf1565736f7d218b956
LetMeSee.png,.png,128,128,,618322558659551ce858b2d0463ee6f26a147467
Lol.png,.png,128,128,,fc6af29edd531c3fe804367c01f54a2faa21f4b3
NoProb.png,.png,128,128,,73bf8093ba6ff8f37efd4deb83c32e74d09a3912
Party.png,.png,128,128,,e3582a75e37b10961c369ce8e32cfaf90c640c91
PrivacyInfo.xcprivacy,.xcprivacy,,,,8a282e4ef36d22dedd95f9a6d7559032ae137314
QQShareTest.png,.png,1236,780,,d890847844b95ffa18290f342a3e3bf7daf158ed
Shocked!.png,.png,128,128,,2e170d851a84edc304d89e571b75ccabf52a0cfc
Sick.png,.png,128,128,,9abe64f0c58ee8a22b67d65f734ab69fd212bb39
Sigh.png,.png,128,128,,61181c9e2b7ba2e7fa60562bf7e33f80d449c9ab
Slap.png,.png,128,128,,2658dea13ef30f2f0507cfa75271528baec987fc
Social.png,.png,128,128,,8ca37e4617d2570cc6aea2162d69d057e3e79529
Sweat.png,.png,128,128,,bb8b6ed5de66ba7a8aaf23d4f4de9b9d475f4bc7
Template_sticker.html,.html,,,emoji,e7b3d548a5f711a1bc18d0b55ed8771a5df5fd7e
Terror.png,.png,128,128,,63e3886df3d06470715224e0c662247966b7c6f4
Watermelon.png,.png,128,128,,a1a81bdd8cfc0edab7954925fe63cebc835c53e8
WeReadLS-Bold.otf,.otf,,,,a284c073271c8f6b665c0a8ffa96bb99b7ecd5ab
WeReadLS-Medium.otf,.otf,,,,e59350a8acd8add087a912cb8adb1aa535f284f5
WeReadLS-Regular.otf,.otf,,,,439fe09ad4dacb0caf7a64c06bf099a2ad3da4b6
WeReadRN-Regular.ttf,.ttf,,,,1eb72f686b5b8eea7e6a90c9bc5a060eafec7646
Worship.png,.png,128,128,,58850137376f69f97a3a83b14213e9538cd7c9d7
Wow!.png,.png,128,128,,9bef09b64c7d9835abd2f5106bf71b86ae1f0634
Yellowdog.png,.png,128,128,,b7036435823f405ce36e072fb768a3c5cca8a318
_CodeSignature/CodeResources,,,,,467283166c735cf1231f68f2f4b55328f7c29c0d
candidate_sperator@2x.png,.png,2,80,candidate,29b23e3dc9649bc8ac6bbe3494e6155c6abeae10
candidate_sperator@3x.png,.png,3,120,candidate,1ad1acc350e648457236be8b76c2d18b05e1a37e
cha.png,.png,128,128,,085383b466a7a46b1aa2dac6b26b90dc79a33739
compose2,,,,,ae7e10d6dca69b6d9c0de075abb7858f812877fe
control_center_correction@2x.png,.png,88,88,correction,288dc4a756abcfd77a79c44c8545a212575d2c12
control_center_correction@3x.png,.png,132,132,correction,57ead7e0b62f254d8856ee0c409076773e2e3ad5
control_center_emoji@2x.png,.png,88,88,emoji,7a5e9296575a8c4b9046417f29ee65b11e7878d2
control_center_emoji@3x.png,.png,132,132,emoji,bd6a8b4d85ed88d2aa4fdba4b9f17badc8e97847
control_center_hotword@2x.png,.png,88,88,,8b9243fb394d5ebb22a9f0705f57aa360ed43d2b
control_center_hotword@3x.png,.png,132,132,,f71f5656db6f3ed66c677d3189ff575d8514d52b
control_center_quicksend@2x.png,.png,88,88,transfer,be7e5031a9d9c8517182052bd15093ede736862b
control_center_quicksend@3x.png,.png,132,132,transfer,21ae9b10b0b6e89180e953090d27d1728550ad89
control_center_voice@2x.png,.png,88,88,voice,73a5ae9c4ccec38178d255fcde64b2c724deaf58
control_center_voice@3x.png,.png,132,132,voice,fc99d69b22bb1ca8341d1358316d82c300359efe
control_center_write@2x.png,.png,88,88,handwriting,6d80c94a20052cef96634cd39487201b3899676d
control_center_write@3x.png,.png,132,132,handwriting,b9eb79a498431cc633d8146fa6eafb3a2e194275
designer,,,,,24776d6ec8ee3dd2840269574e3fbcdab8882688
edge_separator_mask@2x.png,.png,16,44,,f3ba452f898198631e6d103652f45d28ad53657f
edge_separator_mask@3x.png,.png,24,66,,51fbbfb55541ee3b36e3528ab3f18b450af0e08a
en.lproj/Keyboard.strings,.strings,,,keyboard,ce657a52a052a3aaf534ecfbf7cbdde4ee334c10
full_symbol.ini,.ini,,,symbols,efd278e52664ca91e32d1442be5b1f71797d5bc8
full_symbol2.ini,.ini,,,symbols,c2656a6ca27bbfc1a7de971e62caaf6ee73f3eb9
hahaha.png,.png,128,128,,fd8d27afdbd4f60a32f95843754c83999fd15dd5
handwriting.ini,.ini,,,handwriting,43929c647f4cf8efe5928cf690afda25c4d00ab2
hl.png,.png,128,128,,5b3b7735d9da1ca255482b73e63b0947beb11fff
icon_add@2x.png,.png,48,48,,cab162fd3ecc144e1e8d07d8fc71ebd70514110c
icon_add@3x.png,.png,72,72,,699dc32a9d12788dd82caba2a367c100f1fb42ec
icon_ai_navbar_add@2x.png,.png,40,40,ai,916dd295ca2af253b3060678eecf2f45b5d30565
icon_ai_navbar_add@3x.png,.png,60,60,ai,ff677503e07774ff00a5a08baadb2858be7ff785
icon_ai_navbar_close@2x.png,.png,40,40,ai,7004601d88fdb22e3e38675dc039ed95e5a7daa2
icon_ai_navbar_close@3x.png,.png,60,60,ai,e5f6d14f2989781e416c1a80ffe83469a6491f5f
icon_ai_navbar_save@2x.png,.png,40,40,ai,b63540f96597e7b970a4584ae00cfc7c722863d7
icon_ai_navbar_save@3x.png,.png,60,60,ai,7c21634508dc68e915687516e966d3609763e2a6
icon_ai_navbar_share@2x.png,.png,40,40,ai,f6731dc8ce5c40f5d76d6ba4d388b91c2d776ef3
icon_ai_navbar_share@3x.png,.png,60,60,ai,e409f0d1adc0bff1c2841dba9138d2c9d6f5d995
icon_ai_navbar_toolbox@2x.png,.png,40,40,ai,c845ad4798da0fcc97999b36ae550e703e6d4fe8
icon_ai_navbar_toolbox@3x.png,.png,60,60,ai,e18d464178dd8aa3ff5595364589027de356d746
icon_ai_tips_arrow@2x.png,.png,18,24,ai,20733c796bd9f9e1869a29f8dda90262a8146881
icon_ai_tips_arrow@3x.png,.png,27,36,ai,56527b53fa39a726c9009f15873f8cdbae6e0e8b
icon_ai_tool_ai_40@2x.png,.png,80,80,ai,786b7e5e5225bb6e4b34803b3376c0484540b68a
icon_ai_tool_ai_40@3x.png,.png,120,120,ai,b8c12a80a59f0e0dc825bcdb99a2f703d02ba68b
icon_ai_tool_copywriting_40@2x.png,.png,80,80,ai,0db6aa8224149f3eb414c3bbde2fe2482825d7c5
icon_ai_tool_copywriting_40@3x.png,.png,120,120,ai,3d603f434f3b131d7d42b1ad246597709bc2bafc
icon_ai_tool_customized_40@2x.png,.png,80,80,ai,d043031ace6c1bf3d4678e5dba6cab07cf0f2327
icon_ai_tool_customized_40@3x.png,.png,120,120,ai,66486cece30d54d20e78b981cc6f0a0cd8608969
icon_ai_tool_optimize_40@2x.png,.png,80,80,ai,8078ebd199817efbcb04ff59f568fc42d01186cc
icon_ai_tool_optimize_40@3x.png,.png,120,120,ai,1da06d7d25a63da7275c8824c746e7aba3988f68
icon_ai_tool_translate_40@2x.png,.png,80,80,ai,0ee1dc29ed7ef2bb422b50c02f47fb6fca21c92a
icon_ai_tool_translate_40@3x.png,.png,120,120,ai,bd3f1176e74aefb07a6c2de665a5d792f0098e00
icon_alert_success@2x.png,.png,32,32,,ae3bd4023a9a0e393b9270bd0bfd9a6ac3d0b1de
icon_alert_success@3x.png,.png,48,48,,1d5abf975f1ce8b4f66d01490d131551b9544d00
icon_alone_ci@2x.png,.png,48,48,,67a3be90d6eeac731f8c3bb44f56d66f73c7e4a0
icon_alone_ci@3x.png,.png,72,72,,6982df8377c056a699d0d4d36bb3bce6a129c882
icon_arrow@2x.png,.png,12,20,,18756d8e4f596d7c8693de7eb09b0f53854d16d7
icon_arrow@3x.png,.png,18,30,,50d26154598e0554263bb4e91d119f7c24ee0d9c
icon_ask_ai@2x.png,.png,48,48,ai,50337bebacd39787f231652adbb72d43488ce076
icon_ask_ai@3x.png,.png,72,72,ai,5efd1dc32a5d97444d1aa880310b6dbb868cb75a
icon_ask_ai_send@2x.png,.png,56,56,ai,ba8db19c646c0266fc73de7a3143a5c77881e96b
icon_ask_ai_send@3x.png,.png,84,84,ai,e256ccf333a5f446dbfb3fbd770a5bf2d3338cbb
icon_bar_ai@2x.png,.png,48,48,,1a5e281645288c80dcf5b60fd7b615e11b58193d
icon_bar_ai@3x.png,.png,72,72,,9d3f162557c8b28ad03e9b0aa888d95b31b7336f
icon_bar_ai_24@2x.png,.png,48,48,ai,8d7750c974ef95896624aacfde7311edb69a2713
icon_bar_ai_24@3x.png,.png,72,72,ai,f527a7ef19f6872a92e1040d052b076d7bd736f9
icon_bar_arrow@2x.png,.png,16,24,,3d0fcf220cb3ec7c5629d3856c48e3238303f18f
icon_bar_arrow@3x.png,.png,24,36,,4c5318650b0745a031a4e50f0cdb57197293302a
icon_bar_askai@2x.png,.png,84,52,ai,8c6c7b86d9ac3a09ebe4b6ddf138b17e701749cd
icon_bar_askai@3x.png,.png,126,78,ai,d13df89defaddb726b5b8959780b67b1adb38dae
icon_bar_black@2x.png,.png,88,88,,5ca5387b3e7844dcee88e04116cb7482ee95eef7
icon_bar_black@3x.png,.png,132,132,,b1a472dbefe7c9400d056b280979ecaae8149a4b
icon_bar_changyongyu_24@2x.png,.png,48,48,,0c0a828944b8b7ef17b0e97647480706aeabbf0c
icon_bar_changyongyu_24@3x.png,.png,72,72,,7b7255e5c9a606b29f22af5e78914f417c9357d0
icon_bar_combined@2x.png,.png,44,44,,5f3309d61cee3822e5b38e18de01c416bb280d75
icon_bar_combined@3x.png,.png,66,66,,eb2a25b57921669309771d6d350ca188620aed92
icon_bar_copy@2x.png,.png,56,56,,20306cbdac10aaf1cdc2182e0d0e972a6621d863
icon_bar_copy@3x.png,.png,84,84,,41367bcc9dd0da9d7f38404efb31e50dc028c0e6
icon_bar_copy_24@2x.png,.png,48,48,,5b63372321d5fe755d4a92225c90dd97c208c0d5
icon_bar_copy_24@3x.png,.png,72,72,,7c01c9c9e3eec1a3113ff468a86ef7a51bb48bf6
icon_bar_copy_26@2x.png,.png,52,52,,1116b2a76f2071977bfd73cffde70614a7ea1b60
icon_bar_copy_26@3x.png,.png,78,78,,217ac2eb6c000871789c889a8beaf6c12461f838
icon_bar_correction_24@2x.png,.png,48,48,correction,f3c386a473ee3389360fd227e34fa026b7e10a8b
icon_bar_correction_24@3x.png,.png,72,72,correction,5b1371b05c2cae34c711fcf68f3871bb4baec727
icon_bar_device_sync@2x.png,.png,32,32,transfer,1b90caecefbfe517a73c94afe1d9f3bc8bf9033e
icon_bar_device_sync@3x.png,.png,48,48,transfer,f689b6e4d86316209f6270a6a7e7bd36ad94907d
icon_bar_drawing@2x.png,.png,52,52,handwriting,7fdd7bef2fd6e33818a44af2f04278526a6f842e
icon_bar_drawing@3x.png,.png,78,78,handwriting,08c987f3eab264e16451bccc74d6a84afd173034
icon_bar_drop@2x.png,.png,48,48,,ec7313be9f21ef32592a26093e14c7f5da55fa28
icon_bar_drop@3x.png,.png,72,72,,41ecf53d99aedcabc9ac7c4a01b10a32a33e5325
icon_bar_drop_24@2x.png,.png,48,48,,233dca3ba9783cc1161f7185df8ca364f614f21a
icon_bar_drop_24@3x.png,.png,72,72,,b5d904912c284ba6ca5318b59f560e032845ae64
icon_bar_emoji_24@2x.png,.png,48,48,emoji,b6a9cb3e342e3cb6fa2de11ab60dd24347e97c9b
icon_bar_emoji_24@3x.png,.png,72,72,emoji,ecfa4d53291b855cddb579b0c4a6989aa14af8a6
icon_bar_enlarge_24@2x.png,.png,48,48,,9d13fdfea50f7120467061cd582aab3d8433c04d
icon_bar_enlarge_24@3x.png,.png,72,72,,83a5ce6ebb0ee901ef980e7b528791622960e2b0
icon_bar_equipment_24@2x.png,.png,48,48,,a4fc5d8a767632f0d5ea6ee57490e9941c7dd411
icon_bar_equipment_24@3x.png,.png,72,72,,42624ae0816ecc59a23771ca4dec5d65459c3301
icon_bar_fan_24@2x.png,.png,48,48,,99a8efd50f9b4458f9f62249b60fb497ecf82489
icon_bar_fan_24@3x.png,.png,72,72,,8d9b7f5fd2b03095fb455f85b3a0e862890865f1
icon_bar_handedly_24@2x.png,.png,48,48,,96e3ce2523e7e861762b9ae2f19cb5820bfb7c77
icon_bar_handedly_24@3x.png,.png,72,72,,146d454eb40a10ae21047426beea4c595c69a386
icon_bar_intelligence@2x.png,.png,52,52,,6a5544baccdc09c9b21713eec6299a471125ab20
icon_bar_intelligence@3x.png,.png,78,78,,4041084d402fb67621224b3aeb600e157e059214
icon_bar_jian_24@2x.png,.png,48,48,,4a242a03750f4be030d0c06638fa415c28b5ddc8
icon_bar_jian_24@3x.png,.png,72,72,,4d279c8211cf5ac69f93fa59db5b9b6603b191b8
icon_bar_keyboard_24@2x.png,.png,48,48,keyboard,d29254d723f4e180bca21620e6bb6d83364ac470
icon_bar_keyboard_24@3x.png,.png,72,72,keyboard,d92b90ee6a7184ae7ec25d759c9f0770c036b2ac
icon_bar_pc_download@2x.png,.png,32,32,,4eb6a32cf4cc97ba320a5e838b6a1313f8106b67
icon_bar_pc_download@3x.png,.png,48,48,,3d74227032b749eb487fc3b15bbd660349f2c456
icon_bar_picture@2x.png,.png,68,68,,1ca481de1681c4482ebfedecc7f9d5a0dc369af7
icon_bar_picture@3x.png,.png,102,102,,56ee748e9b6bb09eefa9917ded472b89a3fdd9f3
icon_bar_picture_20@2x.png,.png,40,40,,d6e90a3a02d99ae2e3750554d66362f4b946b12a
icon_bar_picture_20@3x.png,.png,60,60,,2bc121ccb4ed331b70da209e70b9186d91f253c2
icon_bar_picture_24@2x.png,.png,48,48,,d133fad773e090d2bb2988f0e1b1bc627fe71fd5
icon_bar_picture_24@3x.png,.png,72,72,,27cd00c4b10c368df09916f63bb36d7edbb765fe
icon_bar_picture_26@2x.png,.png,52,52,,2cad11b04c3948b205c566889be4dd6a39db0345
icon_bar_picture_26@3x.png,.png,78,78,,3feb22d4efd5647ed02b06214f3257b4288f4c46
icon_bar_polish@2x.png,.png,52,52,,b4c2d1fcbaa35fa22b740ef073b7b5a38a14e730
icon_bar_polish@3x.png,.png,78,78,,fd3c4cdbbdb06cf7a30527c03aa7b95b932e663d
icon_bar_poster_24@2x.png,.png,48,48,,0fa8bb56a60e74e2762a5f6d3285198090199386
icon_bar_poster_24@3x.png,.png,72,72,,84d37402685a77d7e04c5ecb4ef89b98e3612306
icon_bar_quicksend_24@2x.png,.png,48,48,transfer,ffaa0c643aadde1972cfd19352f72278d4b4a13b
icon_bar_quicksend_24@3x.png,.png,72,72,transfer,fed4ae09691337423f857c3d38a0398681c14996
icon_bar_recall_24@2x.png,.png,48,48,,d2dcc0544ad99923b722d94d23bbb1bdff4a8dae
icon_bar_recall_24@3x.png,.png,72,72,,13e9d81f42f9891b239c446ebeae85e43c143acc
icon_bar_renew@2x.png,.png,32,32,,e1df85b856cc35f44f1130db4104f9bbb3998a0d
icon_bar_renew@3x.png,.png,48,48,,5cdbe62783ce22235ca6d306ab7b2f34b479a169
icon_bar_retouching_24@2x.png,.png,48,48,,f520e10d92c691dcd3fc4d43ae056dbc5c8609e1
icon_bar_retouching_24@3x.png,.png,72,72,,bf5b43d9cd6dce588403474ea7eec7265518476f
icon_bar_retouching_44@2x.png,.png,88,88,,2aefd5e3a19884619b9fa2e82ed0bfbe7dffc1f2
icon_bar_retouching_44@3x.png,.png,132,132,,4de5b4fe1e2466b608d4335a78ac4e346ce32826
icon_bar_sendout@2x.png,.png,68,68,,20900ff651bd6681571aae07b510dc1c2765a029
icon_bar_sendout@3x.png,.png,102,102,,ed73534c8e8ace33db8ace774fc2fe4ed495571b
icon_bar_separate@2x.png,.png,44,44,,aebc6401bd0a2d0f9e527f8e767f9edaf66157ec
icon_bar_separate@3x.png,.png,66,66,,cf4e76217ca854021686334a698eaeee5deeec9e
icon_bar_standalone_dict_update@2x.png,.png,39,39,,85736144ea7b396a952b3e7cefc48f33933f85f2
icon_bar_standalone_dict_update@3x.png,.png,58,58,,a7440df2346f5329916cb9c34146357b10443041
icon_bar_switch_24@2x.png,.png,48,48,,37894badd958ca0a58862f2fe9ba2c1717a21a53
icon_bar_switch_24@3x.png,.png,72,72,,770f742ea66ca5589770b15bed3f95bd87201436
icon_bar_text_polish_24@2x.png,.png,48,48,,59cd5cff39bc8b15707c84fb3f869759fa1dea74
icon_bar_text_polish_24@3x.png,.png,72,72,,0d42db8c0e84e8def0d12b2c5698919860e6e693
icon_bar_time_24@2x.png,.png,48,48,,76ae2a1855f687b364e64763e421e4d8cc6617c5
icon_bar_time_24@3x.png,.png,72,72,,04f611a725a19e66737737fd33fd0e84c6edaffd
icon_bar_translate_24@2x.png,.png,48,48,translate,4f517c1300014ee8c657cf57afb939bd72187058
icon_bar_translate_24@3x.png,.png,72,72,translate,31d32a2a5e353ad7e3e78413513f0caebdc982b4
icon_bar_transmission_24@2x.png,.png,48,48,,10241f9c0cec45b968eabb0a4ccc2762ac75e2ff
icon_bar_transmission_24@3x.png,.png,72,72,,fe1063bd82d53e801baa943a0a7c5a017ab5054b
icon_bar_transmission_24_ani.png,.png,72,72,,b4298b203b1d8ba411856eb7e25281b2a3df62a5
icon_bar_transmission_24_ani_dark.png,.png,72,72,,7a2aa2a91015a9351d11a660a228121b45a9f3bd
icon_bar_voice_24@2x.png,.png,48,48,voice,0ba8259c73c61b7b0fc5837fc6dd79417e9673d5
icon_bar_voice_24@3x.png,.png,72,72,voice,e7005ff91fbf27e4441d2cb6700d6e88078e6d29
icon_bar_write_24@2x.png,.png,48,48,handwriting,9923f4ba7d9674bf7b586f369357a19fb46978e7
icon_bar_write_24@3x.png,.png,72,72,handwriting,881eebef5aaedcba464a3455aa56cd1ac20bf084
icon_bar_zoom_out_24@2x.png,.png,48,48,,d705670ebc641b3460154efe652416af5877d7ae
icon_bar_zoom_out_24@3x.png,.png,72,72,,17351375e142fca64a6a8148ad2b29c6fb1ecf62
icon_bookVideo_card_gzh.png,.png,42,42,,7774e85a9e246a6ae1f8da51d876bf2ac29b739c
icon_bookVideo_card_sph.png,.png,42,42,,df6d62bcb7c120a16a72f4619e388ba0322c5ec1
icon_bookVideo_card_xcx.png,.png,42,42,,273c222f9a34375d0fd83b7f21cc38c6ee55be79
icon_bookVideo_ph.png,.png,192,270,,b483ecc65693aa56afc6fd12f079256eb1ce65c0
icon_bookVideo_ph_dark.png,.png,192,270,,d46b67c50df6e135bc064eda5761f0d68f788ead
icon_bookvideo_ani_baike.png,.png,108,108,,ec144e2b06473b083e92ad74f88f6d4a4ec5d519
icon_bookvideo_ani_baike_dark.png,.png,108,108,,defa40a8071deb0ee773cc779401184b52edb088
icon_bookvideo_ani_book.png,.png,108,108,,22ac0ed37e7cbdcccf9928ac88d173b14166f96a
icon_bookvideo_ani_book_dark.png,.png,108,108,,56644ceeeba65b7354c929f203b2b965ea7f7c8a
icon_bookvideo_ani_finder.png,.png,108,108,,25fa8d6a3018c6048fe7a2212bb96822f5a3d5d0
icon_bookvideo_ani_finder_dark.png,.png,108,108,,8e50262cbd2b90a5d4f606ecb71374b8cc88ec18
icon_bookvideo_ani_greeting.png,.png,108,108,,e7fb6ad113f81b6b72266f750ef706440a6a30e0
icon_bookvideo_ani_greeting_dark.png,.png,108,108,,054f4da168402add571547ecc385f824eb637e0c
icon_bookvideo_ani_gzh.png,.png,108,108,,fae6b0877aae7fc160b222e1d5a79a712a967739
icon_bookvideo_ani_gzh_dark.png,.png,108,108,,1a77b744d04991503699e22ef3c2b7517aeb9c73
icon_bookvideo_ani_hot.png,.png,108,108,,9cbf69b5b9f2ae7e15ed6e90587c264fc7735708
icon_bookvideo_ani_hot_dark.png,.png,108,108,,a4111d2e2f867c74e1fa0e3f76fde5f7c27b22e4
icon_bookvideo_ani_location.png,.png,108,108,,4a2be3542acb98f799d8fa55a75ea9bb1ac268c3
icon_bookvideo_ani_location_dark.png,.png,108,108,,a720009cc8ee91f8c73bd55ca5d9826d8fb2cc4a
icon_bookvideo_ani_miniprogram.png,.png,108,108,,c66e515a42148ccf921088df97544139b3c4024b
icon_bookvideo_ani_miniprogram_dark.png,.png,108,108,,67cbfe33a4fe1d0d7aad5392f9c80d0868abfeda
icon_bookvideo_ani_movie.png,.png,108,108,,2297215f57bbdcf57f8c43e591ef44687bc86016
icon_bookvideo_ani_movie_dark.png,.png,108,108,,8f5787d5bff2abf04a2f874eb3df637418c85f56
icon_bookvideo_ani_music.png,.png,108,108,,6f2803556683e32c716a2aac9f8f0732dc2bbd52
icon_bookvideo_ani_music_dark.png,.png,108,108,,a35bdb15ab7696fc39011d5c7b2d02c6e0d61721
icon_bookvideo_ani_stock.png,.png,108,108,,977489849252ec4d4216dd28f93dbb02be45a4a6
icon_bookvideo_ani_stock_dark.png,.png,108,108,,7ec23c95e291cf19479b1a632daf5905138b7d76
icon_bookvideo_ani_word_trans.png,.png,108,108,,431a2e0dbc0e780b29c7802b05df4c7c490036bc
icon_bookvideo_ani_word_trans_dark.png,.png,108,108,,4ccde3437b38cc7e3e769d2f183d8f072c1265fe
icon_bookvideo_book.png,.png,72,72,,eb0d1808b69e97807d71fddff53d258715bf6704
icon_bookvideo_bookrate_1.png,.png,126,51,,c4887eb53ac526ed7e83c7b3543c6d7b32181b14
icon_bookvideo_bookrate_2.png,.png,192,51,,3287c185909f2a116328f952d11670d1801cdf3b
icon_bookvideo_bookrate_3.png,.png,192,51,,f8cf010710de56d53b7cc462cd4d4e8d21ceb190
icon_bookvideo_bookrate_4.png,.png,192,51,,88bb3c5161b84ac7654f0d61e5a5b1526bb74338
icon_bookvideo_bookrate_5.png,.png,192,51,,21fda95ec22e20742c4a28d0ba0c25d3d148db1f
icon_bookvideo_bookrate_6.png,.png,192,51,,9dbed08f6350db0dd6535989a2732f94a09afcc4
icon_bookvideo_bookrate_7.png,.png,192,51,,d8fed05990e91945b07333ce967619717d8eeaa0
icon_bookvideo_empty.png,.png,156,156,,5076d5efdaec2aacdbe80e4605e4fffca8670646
icon_bookvideo_finder.png,.png,72,72,,5724289f1b8997239af429d9785d0d0825f9e9b1
icon_bookvideo_greeting@2x.png,.png,48,48,,267be4cc1bbab737330556fa2db38c337a592f51
icon_bookvideo_greeting@3x.png,.png,72,72,,fb1628d5598dfc228b430703d91c84837d049ab3
icon_bookvideo_gzh.png,.png,72,72,,1b30966bb4a3273440f9a68af06693a676ca3742
icon_bookvideo_hot.png,.png,72,72,,ad1680f700ea03ded212bd59db2bab48de8fb930
icon_bookvideo_location.png,.png,72,72,,9491627dbc586bb0311f3951dde33ef113aa1b29
icon_bookvideo_logo_baike.png,.png,36,36,,e7096bf0b08bb232a83ff3f46ba419fba8ffe0f8
icon_bookvideo_logo_douban.png,.png,36,36,,c91075109dae43657bcdeea9f7ce045b8717358a
icon_bookvideo_logo_maoyan.png,.png,36,36,,504a27c7469c792884a7e231564534c51663d7ef
icon_bookvideo_logo_qqmusic.png,.png,36,36,,e7dc7f8a6c01630bc89f1150f214c8f5b52f06e5
icon_bookvideo_logo_weread.png,.png,36,36,,1200df25f6f7504e6fbce88a6ea3faa684fe73ec
icon_bookvideo_miniprogram.png,.png,72,72,,d9246de35638516459fb7cec07d84ae92a607dfb
icon_bookvideo_movie.png,.png,72,72,,614420157a2693e1f89dcbd889c8195fb177aa8a
icon_bookvideo_music.png,.png,72,72,,fe29da857708ed727b30f9dc16f7211752226c4e
icon_bookvideo_quicksend@2x.png,.png,48,48,transfer,4279620efec4e0ea75d481b4ff917d8e2d52a209
icon_bookvideo_quicksend@3x.png,.png,72,72,transfer,c7df8dd41d9f827335438b2a60701b7c07d8a7f7
icon_bookvideo_quotationmarks.png,.png,66,48,,a42296fdf3c4de585e1269d5cbb45493c1492c65
icon_bookvideo_quotationmarks_dark.png,.png,66,48,,c18814561dc0617f4cd2b69f8fa4c88ab1c41443
icon_bookvideo_refresh@2x.png,.png,48,48,,4efef503a2f638cb1f7e189a5f55f75639659e82
icon_bookvideo_refresh@3x.png,.png,72,72,,65e242644e1ba56350f5927276e97b310e6e2f22
icon_bookvideo_share@2x.png,.png,48,48,,4cad207f0bbeabe18d1728b7b8bc523d9277e9fe
icon_bookvideo_share@3x.png,.png,72,72,,719df8fa27d1a4e00f5b4d98f8feeace1e07a273
icon_bookvideo_star@2x.png,.png,22,20,,c839fc58ad042b0a0c7a02148babf04adef2128e
icon_bookvideo_star@3x.png,.png,33,30,,496336e3b0c16f00ef4c9efe0f5debf6a58adb29
icon_bookvideo_stock.png,.png,72,72,,feb845e579b2a53614645551c436ab3ffde8e721
icon_bookvideo_stock@2x.png,.png,48,48,,fa10323aea0c9dd822d1e4de6d4c4fec3c7c1848
icon_bookvideo_stock@3x.png,.png,72,72,,4277e006c317d6a03c6700efb3bdb7295625383d
icon_bookvideo_tab_baike.png,.png,90,90,,ef1abf94dbf8d18c9e6637493842b99d81109e9a
icon_bookvideo_tab_book.png,.png,90,90,,e6fddc00dfe98b5265d8c2f91b63e3c4715860f3
icon_bookvideo_tab_greeting.png,.png,90,90,,baceee7ed4f0d001c19d0cf1fe894b5484f91e0a
icon_bookvideo_tab_miniprogram.png,.png,90,90,,a3979d8217e5d3c269d36413de1f36ec70175e81
icon_bookvideo_tab_movie.png,.png,90,90,,ba36bdbce1c227f5b85d1781e1a7fcfc33f5d38d
icon_bookvideo_tab_music.png,.png,90,90,,87d5a904138000f930e67c885c5029248055f635
icon_bookvideo_tab_publicaccount.png,.png,90,90,,0cd6aecfd9ee29ffecf63452aaea366c4b220fe0
icon_bookvideo_tab_videoaccount.png,.png,90,90,,bc51c8328795f31342fa309fd7cecf3552795b9a
icon_bookvideo_word_trans@2x.png,.png,48,48,,a9c34cf66408067382251bf7956b8d11f5b8e412
icon_bookvideo_word_trans@3x.png,.png,72,72,,faf26084cb2226ea6bd9b5c8fd48dcbc11833137
icon_button_emojicustomize@2x.png,.png,40,40,emoji,af3b72ae6cd4376e2b20d3924992bb2ac15bd459
icon_button_emojicustomize@3x.png,.png,60,60,emoji,61b52dd3398a5ebf9fbc7d399622b37d95907909
icon_candidate_aixin.png,.png,108,108,candidate,d186bad26b170d01827220271c3ae833bbacea3f
icon_candidate_ani_ai.png,.png,108,108,candidate,d8e9284838465e5313c0de0e889d4cc1efbd380d
icon_candidate_ani_ai_dark.png,.png,108,108,ai,a051e091e97ac8b4b94acfc16b037d486c23ac7a
icon_candidate_ani_drawing.png,.png,108,108,handwriting,62c1dbd25ae81afa02b5cf6166ed3d83f96fc3df
icon_candidate_ani_drawing_dark.png,.png,108,108,handwriting,44c0ac85324e66b8c41481f9719ade75a3a8795e
icon_candidate_ani_font.png,.png,108,108,candidate,7854ab03d1d229a7e1509138b11001f0c5ea0552
icon_candidate_ani_font_dark.png,.png,108,108,candidate,42f86642eee5e697ab1bb593a3bf7a24fd515194
icon_candidate_ani_game.png,.png,108,108,candidate,b9ee587e67a629e0e2b903b33d773c1a2f5e9f70
icon_candidate_ani_game_dark.png,.png,108,108,candidate,de25aa0c0fc92e494ca7ea44707609eabd78aaed
icon_candidate_ani_handwrite.png,.png,108,108,handwriting,1dfa5dcea5256fd09ae40525098ce91f4325a29e
icon_candidate_ani_handwrite_dark.png,.png,108,108,handwriting,a2104c784beaf8caed8bd4df88851f29516f36e8
icon_candidate_ani_textpolish.png,.png,108,108,ai,ba8de9a6bec4774b207d903dd75acf1854b7fbb9
icon_candidate_ani_textpolish_dark.png,.png,108,108,ai,ec11ab966e093a47ea946fdfae6914d33615c80d
icon_candidate_ani_transfer.png,.png,324,324,candidate,4bf5c995cf581acdae8297f4085d33a02357055c
icon_candidate_ani_transfer_dark.png,.png,324,324,candidate,f39414f0638b707de07b5ba3016385553f3dc4f6
icon_candidate_app_26@2x.png,.png,52,52,candidate,b3268bcac3a22220a2b6e014666af41409f1fd12
icon_candidate_app_26@3x.png,.png,78,78,candidate,23dae8408eb50de17547a09ed9ec2070f7565b74
icon_candidate_arrow@2x.png,.png,48,48,candidate,b0d5c81c7b9930e7e2b63850ed18fd8b30f95f0e
icon_candidate_arrow@3x.png,.png,72,72,candidate,f60d59b171f118a4f9ba67ee8025998ecb46ac3f
icon_candidate_bianpao.png,.png,108,108,candidate,e61ad568139ab390ae378455cb2060c4509a25f8
icon_candidate_bianpaoyanhua.png,.png,108,108,candidate,8583cfccd2cde2671157421f7343c44f2bc273bf
icon_candidate_choose_words@2x.png,.png,56,56,candidate,d4fe2a6c180cc498923a224b736044e38f2ded58
icon_candidate_choose_words@3x.png,.png,84,84,candidate,854877c4937f66b6e886ccbfc567599db2c1b80d
icon_candidate_qingzhu.png,.png,108,108,candidate,dfbd638996e6ca8ba8f463339b34ece5b69de89c
icon_candidate_word_ai@2x.png,.png,56,56,candidate,a5fc28756c9317ae2a2c5eddb05ac73063e890cd
icon_candidate_word_ai@3x.png,.png,84,84,candidate,16ada9ba419382f0e6ae3fa5d1c08f741f604e31
icon_candidate_yanhua.png,.png,108,108,candidate,2be4fd4d366449f9d964ea96f595a86628ddbbe9
icon_candidate_zhadan.png,.png,108,108,candidate,d38cad0cffbad6ecde55d7b59eb906975cc02b57
icon_cardbg_phrase@2x.png,.png,136,136,,092fee173eb8fd7ce18825105f6ff8e856074a7e
icon_cardbg_phrase@3x.png,.png,204,204,,8aa5cde318d44f63f8dc763c7cc8bc92ca55a195
icon_checkbox_checked@2x.png,.png,28,28,,50e36a9c2af23cb6fe85a98ce04cc3a46f234e5c
icon_checkbox_checked@3x.png,.png,42,42,,d89ce30c1e168c29d12298233355f89abbdf660c
icon_checkbox_unchecked@2x.png,.png,28,28,,e30da2460159f1cac3f1270b839018fffe360342
icon_checkbox_unchecked@3x.png,.png,42,42,,87fe9a2140fc553725f433998ad6bf19f2c99bf1
icon_cloud@2x.png,.png,28,28,,c651294bab9d0f464352c839567f07e4af25a212
icon_cloud@3x.png,.png,42,42,,fc1a526322bd69160ede2d64d09111cf9645b9b0
icon_common_back@2x.png,.png,72,32,,c634f8f2cf89abfbdf0fa69c1ad3b7a790a38c16
icon_common_back@3x.png,.png,108,48,,d01f8dd60d5006af74ffc106a8606b3926257950
icon_common_words@2x.png,.png,32,32,,38412f1da7b1b6c6a3e8d0172424257654e5f00e
icon_common_words@3x.png,.png,48,48,,2867f8077d5fbc901be341511cc012c3324353c9
icon_common_words_finish@2x.png,.png,32,32,,bac13284458ee9e69d2de6e9f537dc6d64d0e32a
icon_common_words_finish@3x.png,.png,48,48,,10db306516b39a805c48c21665626b1c631000a0
icon_complete@2x.png,.png,40,40,,cf18e580a5fd00faa8118f7be182e4fc5eb46411
icon_complete@3x.png,.png,60,60,,10ea1ca8297b672da108d4556334c2069b4049f6
icon_computer@2x.png,.png,200,128,,4ad710a35aaf61e10cdb6c0d3fa74276d1590adc
icon_computer@3x.png,.png,301,192,,8a76befdbf5a7afa7960bd0d8b87fd9ca0440a1e
icon_corner_airec@2x.png,.png,20,20,,7a1ae983d68e7eba02234cff8fe0f8bbe778210a
icon_corner_airec@3x.png,.png,30,30,,ff716d2846215964d2c8996c724002b2d7945775
icon_corner_hotword2@2x.png,.png,20,20,,f6570f3b0e17cf6948bd5d9039db9008ccf70bf8
icon_corner_hotword2@3x.png,.png,30,30,,cd17fb57ee12696819a4dfaba0819b3072a0f0b1
icon_corner_hotword@2x.png,.png,20,20,,952a5cd199b05434db63671c252b73a3734db3ff
icon_corner_hotword@3x.png,.png,30,30,,c0ba41f57e042d996533dcd0ddfe451eb03b13a8
icon_corner_hotword_expanded@2x.png,.png,28,28,,7fcae73dad16ad0f7154b6c23969a56bff984604
icon_corner_hotword_expanded@3x.png,.png,42,42,,e78892ba0eb24ec74c007d0d3c3c49986d742047
icon_corner_plus@2x.png,.png,20,20,,e845a22fb6e0a674ff83fa72797ce818820a9c46
icon_corner_plus@3x.png,.png,30,30,,015858a199510bf3f0f1cc9743dff3f88d5c83a1
icon_corner_plus_dark@2x.png,.png,20,20,,0cf9782e8b6f3b99cd45091922eab7e0204cc93b
icon_corner_plus_dark@3x.png,.png,30,30,,c679a93004a2872dd8dd77333b4a36d92450d41f
icon_corner_plus_expanded@2x.png,.png,28,28,,41ab6287949705b4ca72c76b66117749c0e33537
icon_corner_plus_expanded@3x.png,.png,42,42,,d591b09128455572c2da11c9958ea8d5a4f8db3f
icon_correction_arrow@2x.png,.png,26,18,correction,34b30ca55e920d17e081fc4d66b60214913604b6
icon_correction_arrow@3x.png,.png,39,27,correction,43aef86427e54332a8f9675d09e8b207037d4a5e
icon_correction_detail_allcorrected.png,.png,156,156,correction,11699e83bab243d6ea5d5b2bf44f37f10b05ff46
icon_correction_detail_empty.png,.png,156,156,correction,64c5f01f95a5894ec96d44acb934e9556a2e41a6
icon_correction_expand@2x.png,.png,16,28,correction,8fdb01279c1c4056052837f1d7ae84c1da872ff3
icon_correction_expand@3x.png,.png,24,42,correction,85a669a31591affc425d0dbc993b90c36b8acaba
icon_devicesync_empty_view@2x.png,.png,105,104,,4b43631e402c052cfcef197b458ce82d215aa3f5
icon_devicesync_empty_view@3x.png,.png,157,156,,cd16ab584d728eda2f7beab46705a68f28fb9bc0
icon_direction@2x.png,.png,48,56,,3b860c86bfa876561921200da0311e66168d3fbe
icon_direction@3x.png,.png,72,84,,a7015369fbe1f93097b9cada5d352fcd2cfd4106
icon_emoji_kbshown_more@2x.png,.png,48,48,emoji,27a8d5ff218c825e12945e18c330e6cca026d2ab
icon_emoji_kbshown_more@3x.png,.png,72,72,emoji,1e1f80056fb93b4a673553ed1750d837277c4012
icon_emoji_loading@3x.png,.png,72,72,emoji,4406a3cb4dfd2044b7d6cf19bcc88b5c209d32ae
icon_emoji_loading_dark@3x.png,.png,72,72,emoji,1f8c657e5d5d46876d7ff32d3550e0d3e8e75803
icon_emojibar_deletepress@2x.png,.png,60,60,emoji,a0667d2de4a54f2e6a413c9edd782c7c790497db
icon_emojibar_deletepress@3x.png,.png,90,90,emoji,599e860079eeeb71ec72e2b06afa1c0f43c5ec48
icon_emojikb_0@2x.png,.png,60,60,emoji,0a16cf78ae28d9ce07e3de356e8abd305c30a0d7
icon_emojikb_0@3x.png,.png,90,90,emoji,bad4933896492373e4071a8181fcc0884cef2558
icon_emojikb_1@2x.png,.png,60,60,emoji,dbac04dbe7be3cb47b60877760a2c7a6e71e6cc5
icon_emojikb_1@3x.png,.png,90,90,emoji,a1bedb6b8867eb834b18a9b36c1c540b7ed10e08
icon_emojikb_2@2x.png,.png,60,60,emoji,9db956d4e51089706deacdd871330e64e909e332
icon_emojikb_2@3x.png,.png,90,90,emoji,d76e823e9831c746b1a6711153091de85b1c0ea7
icon_emojikb_3@2x.png,.png,60,60,emoji,a5226682d5e074232c835727be566fa9069a08e7
icon_emojikb_3@3x.png,.png,90,90,emoji,e9be0c041f384b09a3c43b6afd01abd1ab1a0953
icon_emojikb_4@2x.png,.png,60,60,emoji,407bfad8423cdccd76e5c870c905b942c241267b
icon_emojikb_4@3x.png,.png,90,90,emoji,d7c49996caa4830fef0a44252ef8c072867861b2
icon_emojikb_5@2x.png,.png,60,60,emoji,9fdd25f7748d31a0c542123a5f1485e746f744a3
icon_emojikb_5@3x.png,.png,90,90,emoji,68a8b0450eba5c4b879b8eec9b10e8502a4986b4
icon_emojikb_6@2x.png,.png,60,60,emoji,56b432ed627806e6dcecf752b2c63edc66630f62
icon_emojikb_6@3x.png,.png,90,90,emoji,479af8f1d60ad8f70829e60acbf4c19a4043fb00
icon_emojikb_delete@2x.png,.png,60,60,emoji,5c1d93b097cdd4b9b74925abdeb0924c9c9e7ec2
icon_emojikb_delete@3x.png,.png,90,90,emoji,d7185abba3f21a3c390aa6aece5125bd3c723e65
icon_guanbi@2x.png,.png,48,48,,b0f9bdc7fceea5f2ab6f73464e9e58e7c383a2d3
icon_guanbi@3x.png,.png,72,72,,6bff3b41a2b68620f255d6c359f545cd3fe91d54
icon_guide_clipboard@2x.png,.png,80,80,clipboard,3d3e06e56e30d1f4cf90d145cfdafb1af23eb39b
icon_guide_clipboard@3x.png,.png,120,120,clipboard,2d868828e704e320155ccb713d6c982e8e9d7fdc
icon_guide_complete@2x.png,.png,56,56,,f604623ba58b5158ba736cf5c9f4fa88c133b3e3
icon_guide_complete@3x.png,.png,84,84,,389cb8cc88923c8e00da33ab6cdf2d10166e23cb
icon_guide_emoji@2x.png,.png,56,56,emoji,26f4e23e5b8a835fb0d7790fae416994c4a83970
icon_guide_emoji@3x.png,.png,84,84,emoji,f86bf6d4dc276aab66720c4214e72fb158589b2b
icon_hotwordlst_back@2x.png,.png,48,48,,ccae046d9ad56bd1574749c09525c2a764ed7bd2
icon_hotwordlst_back@3x.png,.png,72,72,,bd5e717ae8dda4387a8601ea09540a53030482a2
icon_illustration_gif@2x.png,.png,136,136,,4ee42e9fa00dad9f71108f933652b14f7f2aa6e3
icon_illustration_gif@3x.png,.png,204,204,,d19d761b0f0f0de5e608ab32f3331686aa457ec4
icon_key_123_bold@2x.png,.png,57,48,,a2a1598535c8e08f8fad100b44a5c3831d9c8440
icon_key_123_bold@3x.png,.png,85,72,,ec565c3613dac1508303a51aafeefa7b5932bd02
icon_key_add@2x.png,.png,24,24,,654576e7e59754be8bd5e9468768b7dfcbe0afe4
icon_key_add@3x.png,.png,36,36,,b8767d674e73eac0221e3843b3f5f25ec0200f31
icon_key_arrow@2x.png,.png,15,24,,9b33ad19072f92cea7913466a118a25a196a20b4
icon_key_arrow@3x.png,.png,22,36,,95ea2f2829eeaf5570c32347739351900ac00361
icon_key_delete@2x.png,.png,48,48,,a8f0ee4ba18506606edfe5407d239f4497bd4367
icon_key_delete@3x.png,.png,72,72,,087d0fe5c0643666287553d1ffc2eb46d6ec34f5
icon_key_t26_voice@2x.png,.png,48,48,voice,6efc84ff09b727a0a44eee0e8d3ecf483a87d280
icon_key_t26_voice@3x.png,.png,72,72,voice,2a322b228696b6bc9e695e9ff8df7d1138694cb8
icon_key_t9_voice@2x.png,.png,48,48,voice,4bfac7b7e8f33901cc522802e47a249e36623d27
icon_key_t9_voice@3x.png,.png,72,72,voice,7dab2f5112ac9d8f62a58e4be7d1c4bc87582cfb
icon_key_withdraw@2x.png,.png,48,48,,e6a746cf37a074a2aac8edfa1d165c966b9d9d1d
icon_key_withdraw@3x.png,.png,72,72,,98c95d11886a238851a0a21e44485d056531b31e
icon_keybar_clipboard_24@2x.png,.png,48,48,clipboard,25e7f9cb8e87d325b4dc43dcb61922bc5ef2147e
icon_keybar_clipboard_24@3x.png,.png,72,72,clipboard,9fab4680e6e43afe11b9c4b9e46d79665fdfab95
icon_keybar_clipboard_delete@2x.png,.png,48,48,clipboard,6e417ad713eb484e470460824965c2898690e242
icon_keybar_clipboard_delete@3x.png,.png,72,72,clipboard,ccbcc6b7dc3ba0372a4771d5fc3489149067b285
icon_keybar_clipboard_set_more@2x.png,.png,48,48,clipboard,bcbd00cd868bb50c5ace0a732df32561f4a2a574
icon_keybar_clipboard_set_more@3x.png,.png,72,72,clipboard,4c02a06df31aaa8f9e335c49b4695b82600cd080
icon_keybar_clipboard_settings@2x.png,.png,48,48,clipboard,857231d80539c1d3a7c1edd611bfb5a4ce6e2294
icon_keybar_clipboard_settings@3x.png,.png,72,72,clipboard,84950a7e209773709ab614230f4d447c577971a5
icon_keybar_complete@2x.png,.png,68,68,,7fa0e7b1aacd97102e30eb4434d913ee96dd97f7
icon_keybar_complete@3x.png,.png,102,102,,ef86b5bccd80de4567dd4c3e3f9b06519439eed1
icon_keybar_complete_dark@2x.png,.png,68,68,,7fa0e7b1aacd97102e30eb4434d913ee96dd97f7
icon_keybar_complete_dark@3x.png,.png,102,102,,ef86b5bccd80de4567dd4c3e3f9b06519439eed1
icon_keybar_option_emoji@2x.png,.png,48,48,emoji,932730868d8a435b6028f5fe8e2b550efdaf1303
icon_keybar_option_emoji@3x.png,.png,72,72,emoji,52886c7606ca40cca2d527de7cea295ee4615bf0
icon_keybar_option_gif@2x.png,.png,60,60,,cbf1737554d61be9c75579fcf0cb841eee9d0d5d
icon_keybar_option_gif@3x.png,.png,90,90,,0fb6384a8f1a4e68c5de643df8f71ba59960ba76
icon_keybar_option_sticker@2x.png,.png,40,40,emoji,840d1b673f60c4d8d08e48300045d60277f5eeee
icon_keybar_option_sticker@3x.png,.png,60,60,emoji,1e37ead8e21091fcd67720b4c94b612426d7aa6a
icon_keybar_setup@2x.png,.png,48,48,,8e6ff9f6efe749a63300480c3bee9e0ae9b8ddac
icon_keybar_setup@3x.png,.png,72,72,,9322b58b1b18da5c37d2bfb11dc8044b9bab19b1
icon_keybar_update@2x.png,.png,32,32,,9cdd8c2c5346497910309e57d0cd8b5251dbad2f
icon_keybar_update@3x.png,.png,48,48,,0c1c83cbb60b14ada19c5f919b0e9dcd2fec9be4
icon_keybar_voice_switch@2x.png,.png,48,48,voice,68a7f502823383fa90022b03da73b660d44cd1d6
icon_keybar_voice_switch@3x.png,.png,72,72,voice,a8ce5b72cf100795d6fad5cb99b0c4f507fe48d9
icon_keyboardbar_close@2x.png,.png,48,48,keyboard,3f66709497fd830977dc9a18a2c0fd0790bdc7d0
icon_keyboardbar_close@3x.png,.png,72,72,keyboard,0a6e102b8f807bee51f2a9890e691fe7475c4d8c
icon_keys_bi_pin@2x.png,.png,48,48,keyboard,b0c270a4cb6f5d0e6bada284dd6939b96c291d96
icon_keys_bi_pin@3x.png,.png,72,72,keyboard,4e3084b8fae43c85b568720f833895e194d78e98
icon_keys_bi_pin_dark@2x.png,.png,48,48,keyboard,3d27ecc30657eb3c446e6af50e78c04b6900b798
icon_keys_bi_pin_dark@3x.png,.png,72,72,keyboard,bbbb205df970f1b54cd4ad74c4724ccf8ce4b2b9
icon_keys_capslock@2x.png,.png,48,48,keyboard,4832587f6acb93e84ca6b08213aded8fb158ae5c
icon_keys_capslock@3x.png,.png,72,72,keyboard,96e047bf832d051133446a7246c09936dba93319
icon_keys_capslocked@2x.png,.png,48,48,keyboard,0a5a1974f8e9c6dbdd2852aac1fce5bdd0fc122d
icon_keys_capslocked@3x.png,.png,72,72,keyboard,500f5b4dcfc79e210c8d4aed3c42389a3785bc29
icon_keys_delete@2x.png,.png,48,48,keyboard,ea4eca9ff8ceb8e07e152433a700bfbfd8034db6
icon_keys_delete@3x.png,.png,72,72,keyboard,78d7f099c6e794297f955b9c9732a690c3354112
icon_keys_deletepress@2x.png,.png,48,48,keyboard,47557655653d124c73291ade83c6e86e874a9278
icon_keys_deletepress@3x.png,.png,72,72,keyboard,22e4fb90933d469c79b2eafb6721e3f87f298b60
icon_keys_emoji@2x.png,.png,48,48,emoji,fb9f885037317c55fc0920348045e6f30352b67b
icon_keys_emoji@3x.png,.png,72,72,emoji,bcb517e4c09e857ca5ca99b7e011a940b75c327e
icon_keys_english_dark@2x.png,.png,48,48,keyboard,796bd496a8230ea34cccfebf965ff7f4abca7afe
icon_keys_english_dark@3x.png,.png,72,72,keyboard,5fc977ab456afe30b46c0650044a74e155eea258
icon_keys_englishshuangpin_dark@2x.png,.png,48,48,keyboard,8e05e388256c131344e0038dafb5ed6652871507
icon_keys_englishshuangpin_dark@3x.png,.png,72,72,keyboard,6639fdb8ca08aa0dba66f558a6b5a5f194f617cb
icon_keys_globe@2x.png,.png,48,48,keyboard,afec276afd5441e5b7dab7a66df486e320f4d83f
icon_keys_globe@3x.png,.png,72,72,keyboard,ac214ede58884dd3921efc1d20a56bb8eb650f83
icon_keys_number9@2x.png,.png,49,48,keyboard,088827618a8aec0de8fce3b88ad061ac53063899
icon_keys_number9@3x.png,.png,73,72,keyboard,d7d0901e2d35fb0184205179e42ae3f1c860e05b
icon_keys_outlinedcapslock@2x.png,.png,48,48,keyboard,8fcc50ff51b53c29f02a4c27ab81f2666c5e1f97
icon_keys_outlinedcapslock@3x.png,.png,72,72,keyboard,c0769552472cc1d444956b3625225ce83891c7e2
icon_keys_pin_bi@2x.png,.png,48,48,keyboard,64affc738693bf8571c993735b3dc92cd2f2f157
icon_keys_pin_bi@3x.png,.png,72,72,keyboard,edfec5247f2b9b1aad205eefbb8e7e409c32d335
icon_keys_pin_bi_dark@2x.png,.png,48,48,keyboard,011cfaaabe7f0353560dd310f43245ffd30171b4
icon_keys_pin_bi_dark@3x.png,.png,72,72,keyboard,9380f71d2a5d40638ce9156ae8b2990dae4ffbc9
icon_keys_pin_xie@2x.png,.png,48,48,keyboard,5e9fec8ffcda49cad84bb81d2d2dce8e0cd289e6
icon_keys_pin_xie@3x.png,.png,72,72,keyboard,03a0751bc29a9efb6880279a3550c9e4b90707c4
icon_keys_pin_xie_dark@2x.png,.png,48,48,keyboard,5d4ab696fd10be734cbc401f4a6b2fcf63539acc
icon_keys_pin_xie_dark@3x.png,.png,72,72,keyboard,26d433a16e8335689b2ff4b66be382e775599af4
icon_keys_return@2x.png,.png,48,48,keyboard,65d1beb7cfe298f6417d4b32af39f0666c3656c3
icon_keys_return@3x.png,.png,72,72,keyboard,8a6005e97a2b1c3804cceb9346116cf8ec9432ef
icon_keys_switch_en@2x.png,.png,48,48,keyboard,16e6f08b1f8f4be3697a4edb78440ac40a11001f
icon_keys_switch_en@3x.png,.png,72,72,keyboard,15b33e2328d95a27d9db0b09ccd25a8472a9589b
icon_keys_switch_en_shuangpin@2x.png,.png,48,48,keyboard,b5114af39016f825d1044637c461b6450a5b1278
icon_keys_switch_en_shuangpin@3x.png,.png,72,72,keyboard,e653b0691750616a991bd7d803498f2ffcc05430
icon_keys_switch_en_shuangpin_dark@2x.png,.png,48,48,keyboard,8e05e388256c131344e0038dafb5ed6652871507
icon_keys_switch_en_shuangpin_dark@3x.png,.png,72,72,keyboard,6639fdb8ca08aa0dba66f558a6b5a5f194f617cb
icon_keys_switch_en_wubi@2x.png,.png,48,48,keyboard,7dfc4ce38d15f31a2ab292ac3ed4cdd3e7e0e17d
icon_keys_switch_en_wubi@3x.png,.png,72,72,keyboard,8a9a9570e01800ccd2df2ab77008e72abcaa8c1c
icon_keys_switch_en_wubi_dark@2x.png,.png,48,48,keyboard,d8d0630d303f5eeb1b315209a573f988dadbbd51
icon_keys_switch_en_wubi_dark@3x.png,.png,72,72,keyboard,174c23dad948f5904cf3ee5cdb95f7ba33fd3533
icon_keys_switch_middle@2x.png,.png,48,48,keyboard,d7384025b0b786488e73cb11094e8723fdbc056b
icon_keys_switch_middle@3x.png,.png,72,72,keyboard,46ab00f40fee58b9d042f21009924175ebb27b2c
icon_keys_switch_zh@2x.png,.png,48,48,keyboard,30f94ee72288b5d57a6d14a81dcdf4932890149c
icon_keys_switch_zh@3x.png,.png,72,72,keyboard,6af8bf5a4307638c29f4070e4831bef7c4570661
icon_keys_switch_zh_dark@2x.png,.png,48,48,keyboard,77d2844d47299327a8be81a557421a85539d30fb
icon_keys_switch_zh_dark@3x.png,.png,72,72,keyboard,69e5f929eb45b7f28a560ce9cd4a27003bf948d5
icon_keys_switch_zh_shuangpin@2x.png,.png,48,48,keyboard,da7bc375f08d5f2493aa195b240029180b045927
icon_keys_switch_zh_shuangpin@3x.png,.png,72,72,keyboard,a094acf95666e71491108bd24419af0fe8371872
icon_keys_switch_zh_shuangpin_dark@2x.png,.png,48,48,keyboard,8cc82f6ddc10290da4e5bf2c1e2e8fc636e25828
icon_keys_switch_zh_shuangpin_dark@3x.png,.png,72,72,keyboard,38cbe87536be5c88887da2c8f0849c43eca7c3c1
icon_keys_switch_zh_wubi@2x.png,.png,48,48,keyboard,7bba33efff5550ff80e980f5f8cef3a8da491ec5
icon_keys_switch_zh_wubi@3x.png,.png,72,72,keyboard,bfb74b3464e9f9662e323a13a6f2df717a497ded
icon_keys_switch_zh_wubi_dark@2x.png,.png,48,48,keyboard,11a07fe360bf011b273ac5ffbee56c32ab5f3381
icon_keys_switch_zh_wubi_dark@3x.png,.png,72,72,keyboard,bac5248227f362c44d29d6a0c052cfa0fcaebeb1
icon_keys_voice@2x.png,.png,56,56,voice,707ca8b15c7214716ab454609aa880fb6e6087c5
icon_keys_voice@3x.png,.png,84,84,voice,9773bada5c9393bf4939cba98d8d5d3e0d7abddb
icon_keys_xie_pin@2x.png,.png,48,48,keyboard,f2c5de11d0c41674679fb834686b38b051168903
icon_keys_xie_pin@3x.png,.png,72,72,keyboard,ba289a7dfd7339016530b010902b2f2a834c10c3
icon_keys_xie_pin_dark@2x.png,.png,48,48,keyboard,234ce2cc0fb0686abc699e212833c8eb9f3e9b5e
icon_keys_xie_pin_dark@3x.png,.png,72,72,keyboard,eb985cfef93f4662798221c7b2100b8c8c5aeeaf
icon_keys_ying_bi@2x.png,.png,48,48,keyboard,680bf781868110b249de6e2e31db419d17b6193e
icon_keys_ying_bi@3x.png,.png,72,72,keyboard,9cca0fe99f9d50f80569d1ff570995728d05b4ab
icon_keys_ying_bi_dark@2x.png,.png,48,48,keyboard,0ea112af4912a5e58b24f1402a8b7677cc33ab18
icon_keys_ying_bi_dark@3x.png,.png,72,72,keyboard,5bed5f09ba0b2c2c6367c92b05d583c8a0901950
icon_keys_ying_xie@2x.png,.png,48,48,keyboard,2f774f785769d7bda9243a3c1b0808c8c4d4f1d6
icon_keys_ying_xie@3x.png,.png,72,72,keyboard,67704a0474f94a1e1a75d85c8028ac0d17b4184a
icon_keys_ying_xie_dark@2x.png,.png,48,48,keyboard,06d6841becd5e07de56e617b79873b1ee809634b
icon_keys_ying_xie_dark@3x.png,.png,72,72,keyboard,748f8c177323b96e6b159dcf1cb3e1ef032d90be
icon_list_add@2x.png,.png,40,40,,f29867ccb187855118c964a916779f9475547856
icon_list_add@3x.png,.png,60,60,,67de10ed066d8a88297d68e9bf7249e5a18d7c77
icon_list_arrow@2x.png,.png,20,30,,31a5ee93aeec7eb85e237350a00e8ea53a4879cb
icon_list_arrow@3x.png,.png,30,45,,ec9474d36e56b7d9233a2c22326cf919197279cf
icon_list_choose_words@2x.png,.png,40,40,,741c4f6d97a672e78bd7f6d428516c21fc60c05e
icon_list_choose_words@3x.png,.png,60,60,,c1eb92e8f1dc7639f7f9ed7a6c24d5d8da6ba3e1
icon_list_delete@2x.png,.png,40,40,,921cb94a0b18b57b999aa1dd1f089c960ef6b63e
icon_list_delete@3x.png,.png,60,60,,b79335b2c5e75a6dd1ea2d891db63f5408a9d575
icon_list_edit@2x.png,.png,40,40,,158ee813ef7c9d9f470e3fcc4ad7007979da8294
icon_list_edit@3x.png,.png,60,60,,7222df36eb9e6e546904a9b58ef336dbb118afce
icon_list_more@2x.png,.png,40,40,,1228e4d5ba1e18fd1d613a20ade4478491664111
icon_list_more@3x.png,.png,60,60,,3c20012c45554c2d29c73a761d251d7f56d0e7e0
icon_list_notop@2x.png,.png,40,40,,cb4194d3a049fed3a41f0e52390c9cb8f7ef418b
icon_list_notop@3x.png,.png,60,60,,bbf47aaa85fae699adad145fd414aa19636b5110
icon_list_top@2x.png,.png,40,40,,39aa85aac6a7985aaf7231321c1e410b6c46e452
icon_list_top@3x.png,.png,60,60,,2798a0df73572f20b7dee73d79c760acaace4f04
icon_logo@2x.png,.png,52,52,,e5a59fd120b40349320fdf1a7cb1db9ad1ddad00
icon_logo@3x.png,.png,78,78,,1795fec75f8e18142ce54aa165d8df0879cddaed
icon_longpress_setting@2x.png,.png,48,48,,89554da96220eb2e3caa18ff4b554ae1a783d704
icon_longpress_t26_123@2x.png,.png,48,48,,8f2829a6c65a6a9548df15eaff56113f6d37dd1a
icon_longpress_t26_123@3x.png,.png,72,72,,bb3502461611188b911ad540bd4019a9a7bc8d33
icon_longpress_t9_123@2x.png,.png,48,48,,1dff67bbd7b0daf87b427fcc1fcbc5b234649b1d
icon_longpress_t9_123@3x.png,.png,72,72,,684bb7d7865bec0a0d1e3b5bc46b3581389c2131
icon_longpress_write@2x.png,.png,48,48,handwriting,c55410fb09ffe11f810053e91516bb48b8e8b6e9
icon_longpress_write@3x.png,.png,72,72,handwriting,46149059a5bfca1894a063287d8efeaca9a77e79
icon_menu_copy@2x.png,.png,48,48,,0484c6eb8d239172eadb1247b4099f14d3c7d178
icon_menu_copy@3x.png,.png,72,72,,4e28264352812ee05e98825b3045657b01874267
icon_menu_paste@2x.png,.png,48,48,,9202096429d5f73da2f2104779194f9d6fe6a5a7
icon_menu_paste@3x.png,.png,72,72,,01e43d1e351817a38338c7196a958b620a027b8d
icon_menu_picture@2x.png,.png,48,48,,d78089f781171fea7cf2e8d1d5fa2e02f5c745f9
icon_menu_picture@3x.png,.png,72,72,,2aafd48737b50d24012bcec8d4bb810e4dbe1472
icon_menu_picture_add@2x.png,.png,48,48,,2592ce5d5769e29f59570ff6bd17c8d4fcf8177e
icon_menu_picture_add@3x.png,.png,72,72,,8b703b9b9f48fbcea94c42eda7f966e698fd829f
icon_menu_sending@2x.png,.png,48,48,,9124bd544871e78c94a1e6620a869bc3f768957d
icon_menu_sending@3x.png,.png,72,72,,738b9e94fe51fcf80df1b7973f0bd0296d455887
icon_move@2x.png,.png,80,80,,16135e4c988a7e4f897a8b5af490bbddefd7202a
icon_move@3x.png,.png,120,120,,43bdf1da99de07248f7091be9c3066749d193294
icon_network_setting_jump@2x.png,.png,17,24,,85106b97c8b0516cbcd9ca6b27e39aec87bc493f
icon_network_setting_jump@3x.png,.png,25,36,,c75ccc6d040529cbc0f3620cadef4ccc2e377aa6
icon_pause@2x.png,.png,30,30,,50f24e31b3233d8b4fea637279f422c5f5dbba7b
icon_pause@3x.png,.png,45,45,,0a4f57d3a8643c82553ab46afaeb460b75701712
icon_picture_logo@2x.png,.png,168,32,,c2589b845aaf636c668756f945af46a2d671c4bb
icon_picture_logo@3x.png,.png,252,48,,2b116c36bb75f6ecc9661bb5e05383d40f4e9445
icon_play@2x.png,.png,30,30,,d3e7a3fdff0e262409aa0b17fdf2a0b7358e683a
icon_play@3x.png,.png,45,45,,8ceeae02c85eb35c247d259f5fbcbfa7085b6231
icon_plus_ci@2x.png,.png,72,72,,02030d4affcb8092bf886c60ce89275f62a16ff3
icon_plus_ci@3x.png,.png,108,108,,4a0ba14002bb75ae173d852226bd79762a208475
icon_plus_ci_dark@2x.png,.png,72,72,,583e02ad2ea89cd0db24bd9c4f1c7bee6b515cfe
icon_plus_ci_dark@3x.png,.png,108,108,,593f15eb1522b776b3a049f96f0820f17e41b86b
icon_plus_complete@2x.png,.png,64,64,,689db2a0eb057b4d8be1d2a0a5cc9e28a41145ae
icon_plus_complete@3x.png,.png,96,96,,ff08889470f5a9a209373dc26bafc7cd3c66c40c
icon_plus_correct@2x.png,.png,72,72,correction,0002affcb27137e1b8927d4c09fdb54dab5e9d9c
icon_plus_correct@3x.png,.png,108,108,correction,55a8eb16a98fc9b902df75e8ad7aa8290a9fda7e
icon_plus_dark@2x.png,.png,32,32,,1a20a0930be1a18bdc1d001df972f330bd6c534a
icon_plus_dark@3x.png,.png,48,48,,cf51cbfca90e884b1f03545ea7784a2386f2971f
icon_plus_emoji@2x.png,.png,72,72,emoji,22f5ddaabf0d0c187c9e0b6a74bb85b8b29ca302
icon_plus_emoji@3x.png,.png,108,108,emoji,50db7065c68b2d452f4b67cf2049de41be2af4d9
icon_plus_logo@2x.png,.png,64,64,,5eff5d4f860b5a06de09c21806aeeb3661b1911d
icon_plus_logo@3x.png,.png,96,96,,d3bf01fc7e1a07d56a2c3f52d23f47a52244dd3d
icon_plus_quicksend@2x.png,.png,72,72,transfer,90279a324f85609b61fb641f6d52e23b9ca9b307
icon_plus_quicksend@3x.png,.png,108,108,transfer,5da60086094588db62da042528ab89b1939d5a3a
icon_popup_chinese@2x.png,.png,44,44,,b61770b6336f44d73581f0e1f3b10d9197322c79
icon_popup_chinese@3x.png,.png,66,66,,041f0d9bd2907b0d9da7fea70d55494d55f5ff03
icon_popup_english@2x.png,.png,44,44,,a8053a461e40f3e5b5708211f39e98132777731e
icon_popup_english@3x.png,.png,66,66,,1476964c1c103c3a7d90d4402089dfad319ca8c0
icon_popup_findwords@2x.png,.png,44,44,,d16794cc224f5691cf452191c63df898ade8ad7c
icon_popup_findwords@3x.png,.png,66,66,,7414320d457e5b2f8c11a82bc05488145d378dcb
icon_popup_fivestrokes@2x.png,.png,44,44,,bee334e54fed6ac04f29b08fbd6dce757e51feb4
icon_popup_fivestrokes@3x.png,.png,66,66,,24d2e97cab3bfec7dbff880ce6e453131a86398a
icon_popup_handwriting@2x.png,.png,44,44,handwriting,fc8c2e5f96d85a83874b3c5faa29538693b492de
icon_popup_handwriting@3x.png,.png,66,66,handwriting,ec3c81f614bc9a1fcd18b81ce91f648ad4bc69e4
icon_popup_pin@2x.png,.png,44,44,,2e722c6352e7acf1524e4559f289245aef5feb8a
icon_popup_pin@3x.png,.png,66,66,,2a283a9dfecc7cbae08ead00770c1cb5dc800ce8
icon_popup_setting@2x.png,.png,44,44,,59e63b37f6743d4974a47050b4e9bff5bd359543
icon_popup_setting@3x.png,.png,66,66,,58b59625b4e24a053f6b28229d6c1dd823e4148f
icon_popup_shuangpin@2x.png,.png,44,44,,716cbaa8b635153d21da3ecfb9ba7bc1f4a5ef5f
icon_popup_shuangpin@3x.png,.png,66,66,,6da5dcff5d8f8e99f2e9f4a4f03dd70ad1495b22
icon_popup_stroke@2x.png,.png,44,44,,5981b279b45efebb9d482676cbbbc09dfc82f64a
icon_popup_stroke@3x.png,.png,66,66,,2636025026b6b371adcc556000aeba7af2728ac1
icon_popup_t26@2x.png,.png,44,44,,f85cb911d7b7858eb04a3c45b4cfaf1ec4933921
icon_popup_t26@3x.png,.png,66,66,,b4cc40ee0723c9b22338b69e938ee518328ff982
icon_popup_t9@2x.png,.png,44,44,,345f85efb1c6da4e897bea0d4b8a1a9c67251f42
icon_popup_t9@3x.png,.png,66,66,,c8b3e16bfaf48c8726b7ecab7f235bfad74454eb
icon_press_arrow@2x.png,.png,24,40,,9c7dd7c3d45fbdc953ab3b61f6412c02ddfc36c8
icon_press_arrow@3x.png,.png,36,60,,f2eb48b8f2fd0935e3ec1e11b35ec3d983c13267
icon_rec_moji_0.png,.png,108,108,,5bb4b736759c25516f0ff0e9f4bfb987306c00bf
icon_rec_moji_0_dark.png,.png,108,108,,678f161fd8d9922adc5f3253a05f5d5301076331
icon_rec_moji_1.png,.png,108,108,,44fc670662313804fa255a6a8dc828b5847cf32b
icon_rec_moji_1_dark.png,.png,108,108,,d490e8466d004b7791ef5c2fba0f1f7f76661d6a
icon_rec_moji_2.png,.png,108,108,,247f275a77fb24cc138475f91b99d7ccf63cf724
icon_rec_moji_2_dark.png,.png,108,108,,a4a2d6ebdcb762b0939e0dd3dcab0a64445ca877
icon_rec_moji_3.png,.png,108,108,,81219f2b920ef1b135685e20a175c481a4140e30
icon_rec_moji_3_dark.png,.png,108,108,,ef9de12bdd97fec5264cc7a01a5040b045a845aa
icon_rec_moji_4.png,.png,108,108,,9a48998c3c91a96ffc8306c112132d53766f6afd
icon_rec_moji_4_dark.png,.png,108,108,,af5219f146cfc143dfc7f3377f556ca4f7b3b8e3
icon_rec_moji_5.png,.png,108,108,,f6b34d86ec441f2bce87164dd4bc14502d8a08c2
icon_rec_moji_5_dark.png,.png,108,108,,fa0f197c29c4e47e26bd6e9dbbcf4112e07ed8ea
icon_rec_moji_colourful.png,.png,108,108,,4bcf01912c5ba840345924fd76fd249b0a03e8d4
icon_rec_moji_colourful_dark.png,.png,108,108,,6565ac72204f2cde4e9bd34ea4d65b914ea5fb8e
icon_rec_moji_dragon_year.png,.png,108,108,,bf19d4a12b40705e8673aed0f21265bd92af568e
icon_rec_moji_dragon_year_dark.png,.png,108,108,,2ee6f1ee04d07bad3934fb3020781a77ec189055
icon_rec_moji_snake_year.png,.png,108,108,,1da07da81a3a6b0971a28f727fc074e704a461e5
icon_rec_moji_snake_year_dark.png,.png,108,108,,b791670699e0dccc4c7e6f23264985249bc86e69
icon_remark_translate@2x.png,.png,40,40,translate,444bde09c2dcd485a6fb3416c684f586e0d506ed
icon_remark_translate@3x.png,.png,60,60,translate,7f25dc03fb02a979e394b6a453eaef1643391887
icon_rewrite_empty_view@2x.png,.png,104,104,ai,0eebb93275add0ca369b4fbd1a635a17724e4bcb
icon_rewrite_empty_view@3x.png,.png,156,156,ai,d13806ec1e64c9402a7a197a424990362c568fbf
icon_rewrite_page@3x.png,.png,156,156,ai,68a4c7d6f6da418b393335fc1eeca713104202fa
icon_setting_plus_logo@2x.png,.png,56,56,,ea1f750d92538ec7e57dee7ae109537842d8a7bc
icon_setting_plus_logo@3x.png,.png,84,84,,a855167094358f36a8a25aca98f04fae6c8a8e25
icon_setting_plus_logo_dark@2x.png,.png,56,56,,87cff57283b61bb30a37ad5e22168cfd99112b32
icon_setting_plus_logo_dark@3x.png,.png,84,84,,66913b89c156300f4cc3add7206d0050b0e2ae87
icon_setting_plus_logo_select@2x.png,.png,56,56,,b25ee55e85e8b564f7d0db7f0c6dc0acb3e347d3
icon_setting_plus_logo_select@3x.png,.png,84,84,,33f6c3c09b2149722e8ebcb0c6d5cce9d0ad9318
icon_setup_995_44@3x.png,.png,132,132,,d5942125d99197692ab0a40429c61bf5de1e4996
icon_setup_Clipboard_44@2x.png,.png,88,88,clipboard,681b2b393b952cb3f3b16c558deb794827491b2a
icon_setup_Clipboard_44@3x.png,.png,132,132,clipboard,230600d69bf9c62153eddbe52590bfa022699ded
icon_setup_ai_40@2x.png,.png,80,80,ai,459a77aeb6fecea9915c0a04df114198c39f3f19
icon_setup_ai_40@3x.png,.png,120,120,ai,8a0166ca87f4e4ee6db7484d407ba3b00f917285
icon_setup_ai_44@2x.png,.png,88,88,ai,2cef96efb1230239b5919a24beaeae5e3c4b2182
icon_setup_ai_44@3x.png,.png,132,132,ai,9088b78fa96bf8d92f10c7cbbbfbdd02a9bdc432
icon_setup_blurpinyin_40@2x.png,.png,80,80,,24f66f551deddf21eb1484eaf7f2a85205d9c8de
icon_setup_blurpinyin_40@3x.png,.png,120,120,,69c0a7cac5912afe3013d2212f0747d949e6335a
icon_setup_changyongyu_44@2x.png,.png,88,88,,3811fcc31f23e1e2aedc98c687eebc43d95a7392
icon_setup_changyongyu_44@3x.png,.png,132,132,,a4419f28b2c581d85ce9607ef4b93427b62d934b
icon_setup_clipboard_40@2x.png,.png,80,80,clipboard,8831d576930fb07890c828b90829752242390e2e
icon_setup_clipboard_40@3x.png,.png,120,120,clipboard,a56121de86c681135c2c2bad05983819d6821009
icon_setup_cloudcandidate@2x.png,.png,40,40,candidate,85a26bddaa6e675f39c3a33bd3f6c13164c38c8d
icon_setup_cloudcandidate@3x.png,.png,60,60,candidate,aec8383906d13773f0f1eff5d4ea860690150087
icon_setup_cloudcandidate_blue@2x.png,.png,40,40,candidate,5330207b784200602e547f30955de4dea34a8698
icon_setup_cloudcandidate_blue@3x.png,.png,60,60,candidate,87c13d0e471599849acad0e9474eea96ea5c694a
icon_setup_commonwords@2x.png,.png,72,72,,fbc1fdce3aad806e2696e2c352b289163864eb02
icon_setup_commonwords@3x.png,.png,108,108,,609a29503eb4cebfcd2e6bf9b188c0f9bb150fd7
icon_setup_computer_40@2x.png,.png,80,80,,965c717d929a9f2544e34bc3598d28a0ca6e65db
icon_setup_computer_40@3x.png,.png,120,120,,13cc10189340fa572bf30456ed7cdf46e87fd7ce
icon_setup_correct@2x.png,.png,72,72,correction,c2bb464ad637c237263984dec01d654efef7066d
icon_setup_correct@3x.png,.png,108,108,correction,641d959708d4915b3559290474c29a0c737e9958
icon_setup_correct_blue@2x.png,.png,40,40,correction,1260b4d12e59c870591c35c853b847f15430ff2e
icon_setup_correct_blue@3x.png,.png,60,60,correction,4f3db93d0e2305a4cf51c50991736427a91a6ac7
icon_setup_correction@2x.png,.png,72,72,correction,ea79c89d90029b26d862b2f8ea576f88012c93aa
icon_setup_correction@3x.png,.png,108,108,correction,5124a92a66e13775903f245eef6e5371470437d0
icon_setup_correction_40@2x.png,.png,80,80,correction,dcbf57b06f17b0f5a4a44fb0e8059a02bc5702ad
icon_setup_correction_40@3x.png,.png,120,120,correction,9cdccdcc2bf1c881e776ef1d24f0df11c3c6e646
icon_setup_correction_44@2x.png,.png,88,88,correction,309456c6595894824672e29f5e4fe8a6dc2d4c30
icon_setup_correction_44@3x.png,.png,132,132,correction,98db2ec0bb8f650125d20717c6f4b44349b3a77d
icon_setup_correction_check@2x.png,.png,72,72,correction,557ce6b4b2806891b8944d87341b11fb364f5164
icon_setup_correction_check@3x.png,.png,108,108,correction,1f55b4e12b3ffdd5bad32e972ea792f2c7c6e7a4
icon_setup_custom_sticker@2x.png,.png,89,88,emoji,701a19026201eca64bf61ce2ea8e27727216fad9
icon_setup_custom_sticker@3x.png,.png,133,132,emoji,478cdbb35209dc5625f4dd7434167f684b5fbea2
icon_setup_customize_40@2x.png,.png,80,80,,710540d75b49de09e4f2f58c1da34307af94839e
icon_setup_customize_40@3x.png,.png,120,120,,de945e42ad114d65526ed266497ba4dc38b0a590
icon_setup_debug_40@2x.png,.png,80,80,,ba464afb304a25413b58b6af04018a63bf0dc7de
icon_setup_debug_40@3x.png,.png,120,120,,0305e407e54176df32772fe4fe7ef8f13c1d97b3
icon_setup_drop_44@2x.png,.png,88,88,,764c03657d79cb58564ee26c16c55de806531018
icon_setup_drop_44@3x.png,.png,132,132,,98987d3b91d30638f4b69dd6263b057425c576ed
icon_setup_emoji@2x.png,.png,72,72,emoji,bf94ce6d552c8cd6f1950d92a8f47bca22300f2e
icon_setup_emoji@3x.png,.png,108,108,emoji,e301f1f01ce600267db51a5461160693cabbbfa9
icon_setup_emoji_40@2x.png,.png,80,80,emoji,61fe93eb48fdcd45680964c26d9e17d0bf24a8db
icon_setup_emoji_40@3x.png,.png,120,120,emoji,7c5c9f9be58068168a61802807ce71264a15a1d6
icon_setup_emoji_44@2x.png,.png,88,88,emoji,4825f5bc817678573a3091d29b481103239ac59a
icon_setup_emoji_44@3x.png,.png,132,132,emoji,796f8076dcd53424806afb72169844396bde69f0
icon_setup_experiment_40@2x.png,.png,80,80,,92d99c91a3d5b4ca77d43225c0ccdf05e081acbe
icon_setup_experiment_40@3x.png,.png,120,120,,bc211c9eadc70bfb19011ce131acef6383c06e7a
icon_setup_fan_40@2x.png,.png,80,80,,7a623dd3aa2e98341048d5d7483e3678e84a4e04
icon_setup_fan_40@3x.png,.png,120,120,,b52eca78fcefb2d500f10b3d54e3cc96941eabad
icon_setup_fan_44@2x.png,.png,88,88,,2a2d204f6558e0f093bce963a10b19a6d32b0654
icon_setup_fan_44@3x.png,.png,132,132,,9f8da853caad84a7bd4322ec900bbf05cbacc7f5
icon_setup_fivestrokes@2x.png,.png,72,72,,ae53794e7acc1cc0e8450cf78444d5ac0ccce7fa
icon_setup_fivestrokes@3x.png,.png,108,108,,364bca52f17415102b299cdda92670b0e99c046a
icon_setup_fivestrokes_40@2x.png,.png,80,80,,cc82a0e028d45362164c57262e9d10c214b2202d
icon_setup_fivestrokes_40@3x.png,.png,120,120,,441138f7ca699ed6bedf88e305c846a6e5504c90
icon_setup_font_40@2x.png,.png,80,80,,84e3e5d4e4a8111682e7d80e01e6c8291ffc1b39
icon_setup_font_40@3x.png,.png,120,120,,90c5393abf944766fcdf1a7da288459fb985feaa
icon_setup_font_44@2x.png,.png,88,88,,190f45eabec2d840b47eabf748f5cda53abb804c
icon_setup_font_44@3x.png,.png,132,132,,2f1d90cbf7c32d2eaaefd4e8c4d7fc78f054acb7
icon_setup_guide_correction@2x.png,.png,84,84,correction,af40570e65df2a853ecc585719acdbea50c365dd
icon_setup_guide_correction@3x.png,.png,126,126,correction,fe8880d4d4b096081a2db27bee86604b0c98d9a9
icon_setup_guide_feedback@2x.png,.png,84,84,,02f363e5584f90a7587d5bd3acb6084d09348330
icon_setup_guide_feedback@3x.png,.png,126,126,,084b8cc7b9c63903886c8eda356f5a195a6fa676
icon_setup_guide_gif-1@2x.png,.png,84,84,,900ae4587dc2509f8593ba5bc3e5fc1d0a3a4faf
icon_setup_guide_gif-1@3x.png,.png,126,126,,e72cd9ed6c7ed8a93792f84a9b887aba0c320612
icon_setup_guide_gif@2x.png,.png,72,72,,0696b74ec02c83967b77a169e7187250952b0a13
icon_setup_guide_gif@3x.png,.png,108,108,,e723ee0c74c1818f64c2f66792ccb9f8dc1121f3
icon_setup_guide_quicksend-1@2x.png,.png,84,84,transfer,fe527bf7d1b99a55752ca7d4115e85ca97676923
icon_setup_guide_quicksend-1@3x.png,.png,126,126,transfer,d0d2e259293c56b4e8a3d678744531fa4903af35
icon_setup_guide_quicksend@2x.png,.png,72,72,transfer,f55bf6dd800eb502d87db295f2a8ff26f759da57
icon_setup_guide_quicksend@3x.png,.png,108,108,transfer,72e92d8bf422e3fe815a241ff02dfca3da5d27fe
icon_setup_guide_voice@2x.png,.png,72,72,voice,a1e8d135b457d0d65f98e93074a795e4280812db
icon_setup_guide_voice@3x.png,.png,108,108,voice,1a70acab84a994b978cd726380dce45f65f44d9a
icon_setup_hand@2x.png,.png,72,72,,39f3d073484b0fd9d1a29b0908abf5da25b89a25
icon_setup_hand@3x.png,.png,108,108,,254f2f761926659df9e51be6bcb475911a1e6257
icon_setup_hand_40@2x.png,.png,80,80,,2340be27b9876313cc6e5cf3ecb3cb84bb750143
icon_setup_hand_40@3x.png,.png,120,120,,bf5ee057662b814d34b8f75e67433d1e73e84d23
icon_setup_handedly_44@2x.png,.png,88,88,,6a6c1968e8b66723a280ec10ee43aca171cfc36b
icon_setup_handedly_44@3x.png,.png,132,132,,2b5381cb37e8e04a487538f93b501c8f9da2a38e
icon_setup_handwritten@2x.png,.png,72,72,handwriting,4f74bf7cda7032d232a0befa2c38865d47f093be
icon_setup_handwritten@3x.png,.png,108,108,handwriting,e3c6976c1e3e2752c76949095d1ae66ff6501593
icon_setup_handwritten_40@2x.png,.png,80,80,handwriting,b8c53239e4b2107d5ba98419b38d2b578d4a7748
icon_setup_handwritten_40@3x.png,.png,120,120,handwriting,ce03e8f70d9b058deb45589ce9b79d010e9fc892
icon_setup_help@2x.png,.png,72,72,,d36ee916fc4f13dd883902e27f354537dbfadd2a
icon_setup_help@3x.png,.png,108,108,,9a02ee35cdfcf11e9c7b84f5d76026d6f45c03c3
icon_setup_hotword@2x.png,.png,64,64,,233c6c76328bf70300848e25258451893ac8b6ff
icon_setup_hotword@3x.png,.png,96,96,,a4a67958e4344aac03f3f296a7418051800563b8
icon_setup_hotword_40@2x.png,.png,80,80,,8e7f50179563cf454395e945ab53f966faa43961
icon_setup_hotword_40@3x.png,.png,120,120,,925ceb5ed88acacd0ef90269a1e827fc8c0384f6
icon_setup_keyboard_44@2x.png,.png,88,88,keyboard,92f8789fa77351467548b085162f0b2edada2012
icon_setup_keyboard_44@3x.png,.png,132,132,keyboard,ff91fe5ec151d26d75e822246cf8af4a28c5d24e
icon_setup_keyboard_management 1@2x.png,.png,80,80,keyboard,58a75e67eb66cbbc7e294423db9753a0d4c101a0
icon_setup_keyboard_management 1@3x.png,.png,120,120,keyboard,27975705e5494a920ee3a8084dea8b3ed58b9408
icon_setup_keyboard_management@2x.png,.png,72,72,keyboard,c5d77b7020a0e7db386d24c9ecd0a6ca5ddea1a7
icon_setup_keyboard_management@3x.png,.png,108,108,keyboard,cc9605948705d2c85d30f0c96c65f9710522d3c1
icon_setup_language_more@2x.png,.png,72,72,,6d2b1b41afac889885aebdd44e7a0aaa462810a7
icon_setup_language_more@3x.png,.png,108,108,,277bd36cf52ceb1ad5b380b8d32b7607634056f8
icon_setup_language_pu@2x.png,.png,72,72,,21fd07152a4f18613b220e41838b9c858dbeb728
icon_setup_language_pu@3x.png,.png,108,108,,b78f8e34befb13ae7f12dbf74fd25a39fa18dc2f
icon_setup_language_ying@2x.png,.png,72,72,,dd38d5f33febd3a91260937ea4823f9a17b994db
icon_setup_language_ying@3x.png,.png,108,108,,507809ed1f65efc580ae15a25040e0588a1f504c
icon_setup_language_yue@2x.png,.png,72,72,,7251e9ddf9f094aab48e9eba06f06ad4007e9260
icon_setup_language_yue@3x.png,.png,108,108,,770155b449fd8b95246d54c149fe1ed55226a323
icon_setup_more@2x.png,.png,72,72,,1f3dd1e23b22f17644fda8c78943b9aa0a11f92f
icon_setup_more@3x.png,.png,108,108,,63f1fcb0b70d97b866597dd557e9a8716f2967e1
icon_setup_plus@2x.png,.png,72,72,,1e60812f1f09306354d0181b00d4b008bc13d525
icon_setup_plus@3x.png,.png,108,108,,4e69d6bf2c1a7fd7db5cb2ac132ef3406cf7180a
icon_setup_plus_logo@2x.png,.png,18,18,,d9ef6af414a787394ea84a523eb4e55bb08cdfb2
icon_setup_plus_logo@3x.png,.png,27,27,,1535a44be60790e841ead086a33077cc21c237ba
icon_setup_plus_logo_dark@2x.png,.png,18,18,,49f764a05376ea06fb0c49c87209c0a54f01b5d9
icon_setup_plus_logo_dark@3x.png,.png,27,27,,238e57577f8612b5888a7002cb9ae72acde97517
icon_setup_plus_new@2x.png,.png,72,72,,2d224df14c0c2e74949c595e06ffda37bb697c88
icon_setup_plus_new@3x.png,.png,108,108,,a84672ff3e1d5e37833472cbde7d7c1e5d42dc94
icon_setup_poster_40@2x.png,.png,80,80,,8c9cdf0e12b95289a2dc3d3c03291e06e86b7bab
icon_setup_poster_40@3x.png,.png,120,120,,ac75b6cbaa14f41d4029143484ad4cff531b06a6
icon_setup_poster_44@2x.png,.png,88,88,,ea80b70577aafc29d4364b790927d1bafb439c31
icon_setup_poster_44@3x.png,.png,132,132,,a76a04d180018ff8d0923407fc1d4905c3a2a4b9
icon_setup_quick@2x.png,.png,72,72,,9c03126aa854f7b1d7dbbe8fc34237df1783df1c
icon_setup_quick@3x.png,.png,108,108,,a99685d4bffa14f659746ed11523e96fcc754c56
icon_setup_quicksend@2x.png,.png,72,72,transfer,a93a0eb2ee4ad6b23b6cd3c97dda562d1cfde5e7
icon_setup_quicksend@3x.png,.png,108,108,transfer,dfa2c977e86541ab72dec974291f3e6bc3f65b1e
icon_setup_quicksend_40@2x.png,.png,80,80,transfer,affb7b9396bcf55bc7431a0da9ad0f0416d427d8
icon_setup_quicksend_40@3x.png,.png,120,120,transfer,7497fdec6569ad0914958f610ff5b2f3fe36ad2e
icon_setup_quicksend_44@2x.png,.png,88,88,transfer,cefa5a17f068c7f1a17476c30ce8b265ea933fe5
icon_setup_quicksend_44@3x.png,.png,132,132,transfer,3e5addf702aaee1ac809f8e1b07653d30e482408
icon_setup_rect@2x.png,.png,52,52,,48f6078a14133ee6337fbf5c6b2815e0d8d03569
icon_setup_rect@3x.png,.png,78,78,,29d04b72cedfba01af762121039bce8afb389db8
icon_setup_rewrite_40@2x.png,.png,80,80,ai,d4ae77c417253e018b992ed51e870c30addf02ae
icon_setup_rewrite_40@3x.png,.png,120,120,ai,c6aec4607ff426d225d4e111ec4b93ad75384994
icon_setup_segment_keyboard@2x.png,.png,48,48,keyboard,ff41947d8d751e2f8a4fa91f6180aee7ec886f23
icon_setup_segment_keyboard@3x.png,.png,72,72,keyboard,61ad7d3d4bd0bbf8780f979e88537f6c011d1538
icon_setup_segment_others@2x.png,.png,48,48,,651e76d029af16ac022d53f1cf0a040e1ec718c0
icon_setup_segment_others@3x.png,.png,72,72,,25af5b711934a3319959f967a0f20e01839316c2
icon_setup_segment_plus@2x.png,.png,48,48,,dfccd5ba3ae648d48bc1d79f1d85aaede39c4289
icon_setup_segment_plus@3x.png,.png,72,72,,0a8f39a98407b6a3914ec30939cd2343a51e6ce6
icon_setup_shortcut@2x.png,.png,72,72,,03a5909e7fedf5cc61060ff2db6c50d755ddc863
icon_setup_shortcut@3x.png,.png,108,108,,4033776bae72307efae3ff0ed0794cc96bd765a7
icon_setup_shuangpin@2x.png,.png,72,72,,4cb254032ed0ad5d872b53ee2c5a43f647a7cc07
icon_setup_shuangpin@3x.png,.png,108,108,,5c6ff799dafd1db4c5f4185995ca51b79a1c831f
icon_setup_shuangpin_40@2x.png,.png,80,80,,029ecef222d646d0251135993700ca61542d68be
icon_setup_shuangpin_40@3x.png,.png,120,120,,46e2f3e6319de1c8c6dc25c74f52ce4d20f42b13
icon_setup_shuangpin_switch@2x.png,.png,24,24,,e2499e11564773a17701484c9186fc9c5ba3a2fd
icon_setup_shuangpin_switch@3x.png,.png,36,36,,688ab0ec6cf8ef6a3791a0aec7aca4e57e949935
icon_setup_size@2x.png,.png,72,72,,ffdd79710c0cc23cddde9761f5fce855795bf370
icon_setup_size@3x.png,.png,108,108,,ff1bd2f15bd3c8da6dcb7965de51dd34b2b2035d
icon_setup_size_40@2x.png,.png,80,80,,29305acea31fe523994e6e4f41ae0c57c1318467
icon_setup_size_40@3x.png,.png,120,120,,0df113272b3e9baed24987a2c03f93d43a56a9ce
icon_setup_strokes@2x.png,.png,72,72,,0c9d87565d3e510d1e8b221d35bf17506b829adb
icon_setup_strokes@3x.png,.png,108,108,,cb7fbe80b508a73ddabd046f95b205e1f445ca42
icon_setup_strokes_40@2x.png,.png,80,80,,235ad5cfef9993ce7e3c5bd2b22a03126d14a116
icon_setup_strokes_40@3x.png,.png,120,120,,19ef7709ddeb1a81bfe1924c82b311a99a181a9f
icon_setup_t26@2x.png,.png,72,72,,13c8942d35a996b338dd4a3a159416d9b29fc4dc
icon_setup_t26@3x.png,.png,108,108,,0cf5bb923f2f49aa9f7a71e9668f5a6b5c99dacd
icon_setup_t26_40@2x.png,.png,80,80,,6843a72a53ba01407a7478d1aa6609df344e8096
icon_setup_t26_40@3x.png,.png,120,120,,ae325c070105248d0569d9e7a36854757b3b5341
icon_setup_t26fivestrokes@2x.png,.png,72,72,,3d008b0b61b85dafbd1dab0bd8ed912cd45f7e68
icon_setup_t26fivestrokes@3x.png,.png,108,108,,f0b8df5590f1fcedb585681243491cfba57b95ec
icon_setup_t9@2x.png,.png,72,72,,c52ee418a8777a42cce513b69f9459c4cb8ad6a0
icon_setup_t9@3x.png,.png,108,108,,8a1ffa71dc4ae472f2ae46788bfbc1311a005dff
icon_setup_t9_40@2x.png,.png,80,80,,5bdc0214e1e9826065841e1beb498e60d2a1656b
icon_setup_t9_40@3x.png,.png,120,120,,a5a07e1e25e00b626eb302109c4879c3a51195e8
icon_setup_t9fivestrokes@2x.png,.png,72,72,,09541b9c527a2c62a9b23ba4d04cebfbe5494c07
icon_setup_t9fivestrokes@3x.png,.png,108,108,,c7e1dd7a5fc7494c2bf5ad3bc06cca72a0183630
icon_setup_text_polish_40@2x.png,.png,80,80,,491a4db31a071a655dc3928293f80c471b21d1e5
icon_setup_text_polish_40@3x.png,.png,120,120,,94ff8e8282b34af44c8c478db8345adc09ee979a
icon_setup_text_polish_44@2x.png,.png,88,88,,5fae5310df4c4bccd0089a5e9cc9ec286528cb07
icon_setup_text_polish_44@3x.png,.png,132,132,,393cc8e68181ae3f933d449aa208a2583858f50f
icon_setup_textcheck@2x.png,.png,64,64,,8186d22cbcd9642eede245e09614cfa0a39d0f08
icon_setup_textcheck@3x.png,.png,96,96,,3594bd493541b6f9c54039b782ca2d8d5a93e698
icon_setup_time_44@2x.png,.png,88,88,,836b91c1243e8eaa893875ce96d313a5555b17b3
icon_setup_time_44@3x.png,.png,132,132,,f7941aaa0921fd5a0f76644ce3de165586a14670
icon_setup_translate@2x.png,.png,72,72,translate,99cc6187e1a69082bd0cd0e4183be4279e855a38
icon_setup_translate@3x.png,.png,108,108,translate,20b14bbced2dfab43ffa08dc8bbb5e4632a5eff5
icon_setup_translate_40@2x.png,.png,80,80,translate,591883e8e84e1404c56ae2d86a82f1f81cfc8893
icon_setup_translate_40@3x.png,.png,120,120,translate,a626e7b0ab52943716fb07790649abcfdd096c8f
icon_setup_translate_44@2x.png,.png,88,88,translate,05b472f7280c27f44dcd307f267c2bd05ab89161
icon_setup_translate_44@3x.png,.png,132,132,translate,04bf944803c4a14f8b237cbeae688a898a97e467
icon_setup_transmission_40@2x.png,.png,80,80,,ddfb09a897667e60a31c3fa8cfdc6ca490d964f1
icon_setup_transmission_40@3x.png,.png,120,120,,34e7169af25c79a49807584cb1907863a5cd83c2
icon_setup_transmission_44@2x.png,.png,88,88,,123ca88f6fcc370a7f5562b245e24bea05f5a383
icon_setup_transmission_44@3x.png,.png,132,132,,b5e17583d4ca9ca3938f5c4b7bfb4916038272af
icon_setup_vibration_40@2x.png,.png,80,80,,907c74e9419ba70e93d54d38c1d3470e259b90b5
icon_setup_vibration_40@3x.png,.png,120,120,,95de70171a723bac58915edafac5098246012f45
icon_setup_voice@2x.png,.png,72,72,voice,bd5c7ce139ccf0c8a32eb7e72781ce32f0271336
icon_setup_voice@3x.png,.png,108,108,voice,b1420c57f70c85f5c7cbb878dce7e1bb08736386
icon_setup_voice_40@2x.png,.png,80,80,voice,2a45655208a81f7615ad729e08d0252abe7a40b3
icon_setup_voice_40@3x.png,.png,120,120,voice,be8b9157297a443bcd2d5383c116488d8beba65b
icon_setup_voice_44@2x.png,.png,88,88,voice,1d7ba6c29e95a0fb819c117efda4796fbd1ee3d1
icon_setup_voice_44@3x.png,.png,132,132,voice,336cab4714f172cf2e58a77271903ab9d1c3a8dc
icon_setup_voice_blue@2x.png,.png,40,40,voice,d628890745ac8b0896ff4970b1b8a92743576815
icon_setup_voice_blue@3x.png,.png,60,60,voice,94f393e0408c98bf9e46571097c5a17d54db1b84
icon_setup_voice_setting@2x.png,.png,72,72,voice,c3babb5991a9b50e98dec4bdf7263283fe1522b6
icon_setup_voice_setting@3x.png,.png,108,108,voice,9d98b46bfcaa60f30af366364fbca1d2b442692c
icon_setup_voice_setup@2x.png,.png,72,72,voice,1c99dbf9aeaca2af79ad9333e003d1b7b251acd6
icon_setup_voice_setup@3x.png,.png,108,108,voice,c9ca4516d41652e99ead8a0ae39619d381aa0a78
icon_setup_voiceset_40@2x.png,.png,80,80,voice,855fc5c136b144ddb796709300f557089f69c6ed
icon_setup_voiceset_40@3x.png,.png,120,120,voice,9483218cd23f22cffa197646dd1588e89eb672b1
icon_setup_write@2x.png,.png,72,72,handwriting,959db026ccd41f0ad1065809e68e19f65f959ace
icon_setup_write@3x.png,.png,108,108,handwriting,1023991edc9a752f81d87f19e0ce079fe2c4545d
icon_setup_write_40@2x.png,.png,80,80,handwriting,9a8d6553333d7e226ea2a473f6c9bd96d4144f2a
icon_setup_write_40@3x.png,.png,120,120,handwriting,481b21b6e6e3a1e06fbdb4e56de9228645dc1e74
icon_setup_write_44@2x.png,.png,88,88,handwriting,f81212df1bafeb76492348f05f103aaffb214cdf
icon_setup_write_44@3x.png,.png,132,132,handwriting,d4e2436b700fa2874efa84b11b173801416ec717
icon_size_T26_left@2x.png,.png,48,48,,011966b92c243993b3c07ec13c6944c9099581fa
icon_size_T26_left@3x.png,.png,72,72,,e29da0004ac9f818b390b436bd137d95e76776b3
icon_size_T26_right@2x.png,.png,48,48,,77646a29f6f0f19b42f6cad006a40ee581388e8a
icon_size_T26_right@3x.png,.png,72,72,,f28338e744cdfc0f348e0c10bf1a4395d0956330
icon_size_T9_left@2x.png,.png,48,48,,98eb0b9f8c91fea320dd2756742953a163cee04b
icon_size_T9_left@3x.png,.png,72,72,,20d23f3c1a10d1a6be210b68cf57d74df30979a9
icon_size_T9_left_22@2x.png,.png,44,44,,ee1cf8b6694b8354443807c3aacda448c73b7e69
icon_size_T9_left_22@3x.png,.png,66,66,,883f939258e1494ae90e78db80fe987578fb560f
icon_size_T9_right@2x.png,.png,48,48,,c798ccb4c6a07799e3fdab4f38b6a0a851871d7a
icon_size_T9_right@3x.png,.png,72,72,,c25ccb80696e5eaad3950611c37c67924df92092
icon_size_T9_right_22@2x.png,.png,44,44,,aa4b12e8b6854c6eee5433e1ff7450b317bec8d2
icon_size_T9_right_22@3x.png,.png,66,66,,8a9ed8c96132fde63d9b945bfb83095e9bd6897d
icon_size_cancel@2x.png,.png,80,80,,41b777c380bce774c91202f9846d597115fa9375
icon_size_cancel@3x.png,.png,120,120,,b69005d5218b796804299737321fa04b375281b3
icon_size_determine@2x.png,.png,80,80,,a4fbb3174136a91d0f7501914b87639bca9f7658
icon_size_determine@3x.png,.png,120,120,,35a4f97e71ba830255e4ca39c3c3c7d4efe4b7eb
icon_size_drag_transverse@2x.png,.png,72,72,,1563b7570d4be0674f18f11f224cf9bce1258559
icon_size_drag_transverse@3x.png,.png,108,108,,39ca686d804af79d23bc345c820bc8e5f73313bb
icon_size_full@2x.png,.png,56,56,,6d1670c4e34d1eff59f32a8457d4adc3bcd3f9d0
icon_size_full@3x.png,.png,84,84,,439ddc84bab14b16dc2ae78ca4972521a2587aeb
icon_size_left@2x.png,.png,56,56,,b06eaa73c8498a8046e9fd114a83b028e7634661
icon_size_left@3x.png,.png,84,84,,b2f8f3f323252ca39517372e83d2e8d4282a1b6d
icon_size_reset@2x.png,.png,80,80,,4e8cf6ca3668e0c16f0a9cb628f73b4c59e5ba8d
icon_size_reset@3x.png,.png,120,120,,249d7bfe2eff07fdd6a66113be116f98fe7d9490
icon_size_right@2x.png,.png,56,56,,e2c7525bfa3cca7fdd8ca6dc0e3f2b59648d66b2
icon_size_right@3x.png,.png,84,84,,c4b3f730061753ce059b898e0eb55de367af920e
icon_size_step@2x.png,.png,56,56,,ede62497d2301e5ee6bda874a045a8d9fd50f477
icon_size_step@3x.png,.png,84,84,,0093f737dd36b88c7fd41cb2200499e10e4fa708
icon_step@2x.png,.png,15,17,,d5fa4af6b24a6f8b98780e82908de4288588b33d
icon_step@3x.png,.png,22,25,,a17137e2a4102b7ccd9543ce85735303b6ed8ee0
icon_stock_down.png,.png,40,67,,0ccd05d0e4be9706b1c3ccfda45f336ba68148ab
icon_stock_up.png,.png,40,67,,3153b060f50975cf4ae94f9fae635f97995ce53f
icon_strokes_more@2x.png,.png,20,32,,8fedecb02b7f4859f7e0dd703cd5931f47ddc608
icon_strokes_more@3x.png,.png,30,48,,ff8d46d1a78de276b17554bc231f17827ac33eb6
icon_strokes_more_small@2x.png,.png,24,32,,1a468ed4acbe919de7f91c381b7533d5f8190bde
icon_strokes_more_small@3x.png,.png,36,48,,7de1c6493db30aed69afd0343333aec8ab02bbbf
icon_symbol_brackets@2x.png,.png,60,60,symbols,ca62497646b9cee0dfc5bda1cb0666ff53067c5b
icon_symbol_brackets@3x.png,.png,90,90,symbols,616a74787541dae75b250df2034901cd8fb653e2
icon_symbol_en@2x.png,.png,60,60,symbols,d0d82416251f40bf9fa2de77d1fc43a9df8aab7d
icon_symbol_en@3x.png,.png,90,90,symbols,a99e3cd369409720ddeedd0f86d4d1bd4f20c663
icon_symbol_english@2x.png,.png,60,60,symbols,71030cb6664c62637328bdf8ffc3f6280eaa3c51
icon_symbol_english@3x.png,.png,90,90,symbols,c7c7364371f3e57199aa9e6a2de158b3dee15f85
icon_symbol_greece_1@2x.png,.png,66,66,symbols,c5141d548e281810424327175ec040ca8dd2103c
icon_symbol_greece_1@3x.png,.png,99,99,symbols,5f3f8fa436ff549aea58f1c467ec51edf521b85a
icon_symbol_greece_2@2x.png,.png,66,66,symbols,e3181a749ea116f0e1e8d81adc979c0485045530
icon_symbol_greece_2@3x.png,.png,99,99,symbols,24b89ad7622c421b4ea5bf73a98b59df7311941b
icon_symbol_japanese@2x.png,.png,60,60,symbols,92921a7e5903abc1755a0cae50a20fb6fe142168
icon_symbol_japanese@3x.png,.png,90,90,symbols,15d29c669ffb279404900c2586c05fb11cf88647
icon_symbol_japanese_1@2x.png,.png,66,66,symbols,9df07dc543b9c2a729e7df6406402a633ed0fdfb
icon_symbol_japanese_1@3x.png,.png,99,99,symbols,b7ebed1531845fd6c579c0a3f03517bfd8d1fb65
icon_symbol_japanese_2@2x.png,.png,66,66,symbols,b2737706a64f2ea2c63bb387e70a58311f6d58b4
icon_symbol_japanese_2@3x.png,.png,99,99,symbols,80e8253dced73e3754aaf19300bf3fe56acc846a
icon_symbol_japanese_3@2x.png,.png,66,66,symbols,21d9f8f063a1f4eb64d841c545b4bd62a2e523e8
icon_symbol_japanese_3@3x.png,.png,99,99,symbols,0c6f957656cbbf3abe660bbe4e488fc8a0f30c55
icon_symbol_japanese_4@2x.png,.png,66,66,symbols,674dbd4fc043756633346e7e2215fc29129a8a4e
icon_symbol_japanese_4@3x.png,.png,99,99,symbols,a7feeab74b15582c8c21e170791d9e7c036ff2d4
icon_symbol_japanese_5@2x.png,.png,66,66,symbols,bc79fd3b25e059ebe3678bf94b9065ada955778f
icon_symbol_japanese_5@3x.png,.png,99,99,symbols,9c269a3921074a15de3f97257fe2ff6982b13d4a
icon_symbol_japanese_6@2x.png,.png,66,66,symbols,18c90136d94d1d72ea5acae2929f35df0e1d2e57
icon_symbol_japanese_6@3x.png,.png,99,99,symbols,58ba55d449c39fc240df3071431939cdfe69dcea
icon_symbol_latin_1@2x.png,.png,66,66,symbols,605ed42425bae0f4d69c2ef17643a117169bb60f
icon_symbol_latin_1@3x.png,.png,99,99,symbols,91f1c0d0a861aa8cd1c3069f969a699856eed245
icon_symbol_latin_2@2x.png,.png,66,66,symbols,87b4e64e0d89be352e78d938d85a77440f7b900f
icon_symbol_latin_2@3x.png,.png,99,99,symbols,5d7723672dbaa7e8b424c8ab9cc3b582908c081e
icon_symbol_latin_3@2x.png,.png,66,66,symbols,3d98f1c32b7e393b5dbd8d8ba7ef1dd951416e66
icon_symbol_latin_3@3x.png,.png,99,99,symbols,abd130be72b43a43a11a0d1530336b8b4ab7ecb2
icon_symbol_mathematics@2x.png,.png,60,60,symbols,57dea4e78efdfc85d82b8811834ad4a944338e22
icon_symbol_mathematics@3x.png,.png,90,90,symbols,bf53de734fbd03ed8d8f641b49f8279afa890588
icon_symbol_number_1@2x.png,.png,60,60,symbols,1ccf617962e90bc77ad456d484f1184e073ca28d
icon_symbol_number_1@3x.png,.png,90,90,symbols,abf36ce9413ee54bdf0e19239fe815d715ea13ee
icon_symbol_number_2@2x.png,.png,60,60,symbols,645793eee2d11c36ae1017ee524a3a3bfcc4b74a
icon_symbol_number_2@3x.png,.png,90,90,symbols,429832b29f114e5b554935091fb2043b81157e07
icon_symbol_number_3@2x.png,.png,60,60,symbols,3a86b94d946b2de8d39d05427d5fb1549007b2b4
icon_symbol_number_3@3x.png,.png,90,90,symbols,61aa568d56fa9fb7ce358d02fff56e5bc28f865a
icon_symbol_other2@2x.png,.png,60,60,symbols,a6fe28b418fdc179819f9fbc7b388f9d341f8c5e
icon_symbol_other2@3x.png,.png,90,90,symbols,879bc2c7d36715adb71e049a984bfac8b8b7cc61
icon_symbol_other4@2x.png,.png,60,60,symbols,fbca46abbdae5e482220e8b3a00ecc394cc1c747
icon_symbol_other4@3x.png,.png,90,90,symbols,b10c43d5b21e7d87244635facf1372b7bfd3fc8d
icon_symbol_pingyin@2x.png,.png,66,66,symbols,132f2014ad1b0bee16196d7fb2487cf1479a2ee9
icon_symbol_pingyin@3x.png,.png,99,99,symbols,2a4e7e36f6db5c7f0f5a94c25b0bfe353c8853e9
icon_symbol_radical_1@2x.png,.png,66,66,symbols,fab574eb95e2aba997f835885950aad686c72cf7
icon_symbol_radical_1@3x.png,.png,99,99,symbols,8f3a9877c8c08e767eddfd5848c33763da11fc84
icon_symbol_radical_2@2x.png,.png,66,66,symbols,f941a9868fd6520a163d571118ba16657ce6f6a6
icon_symbol_radical_2@3x.png,.png,99,99,symbols,13fccc642e80a1a36e9eb33788926373939dc6e6
icon_symbol_radical_3@2x.png,.png,66,66,symbols,4519b513d4f605f70157476adcb77f52096e465f
icon_symbol_radical_3@3x.png,.png,99,99,symbols,0aafb80aea4ec26b42444b3605e861d61fb59c50
icon_symbol_symbol_1@2x.png,.png,66,66,symbols,880775ee61dc40f90bf78db0dffe0ea94b6a9645
icon_symbol_symbol_1@3x.png,.png,99,99,symbols,e90209f8e9dea8959b19f5af59f594f1d7d90835
icon_symbol_symbol_2@2x.png,.png,66,66,symbols,0b010e060df9e17e557031bf69079f82480c23f8
icon_symbol_symbol_2@3x.png,.png,99,99,symbols,4e8bcd7595ab7de7c6529717d464861e155cefb2
icon_symbol_symbol_3@2x.png,.png,66,66,symbols,0e1c69ac2fde852f2865fd13042485c74b747575
icon_symbol_symbol_3@3x.png,.png,99,99,symbols,a8c77d3213cb2538d917fad2e5fd5df37f57cf1c
icon_symbol_symbol_4@2x.png,.png,66,66,symbols,3cd71e439fe3611a6afb540b189249665777d3bd
icon_symbol_symbol_4@3x.png,.png,99,99,symbols,5b831250bdeb58bcd7a1aef718125c4fcc8c41b4
icon_symbol_symbol_5@2x.png,.png,66,66,symbols,5da4b2ea8d907efc46f7d6d8260a9f47c72b84c8
icon_symbol_symbol_5@3x.png,.png,99,99,symbols,2323fb2693dd0cb56ce1ebdb0628ab5ae928d7a0
icon_symbol_zh@2x.png,.png,60,60,symbols,d96355425c29cae91c9cda2d23a19a884483d8db
icon_symbol_zh@3x.png,.png,90,90,symbols,766f76be66a1ff567027f6fba4271ede2b881e3a
icon_symbol_zhuyin_1@2x.png,.png,66,66,symbols,9d484d2b1eca654a58cb864fc061f7387be673d5
icon_symbol_zhuyin_1@3x.png,.png,99,99,symbols,98f48459ee40a1573e27f20840ddea9743f6c565
icon_symbol_zhuyin_2@2x.png,.png,66,66,symbols,a44d60f1601d4f4b8f9a1d8ce5362e51e174032b
icon_symbol_zhuyin_2@3x.png,.png,99,99,symbols,7d1829c36da2a10d5abdc80503ac3d25edd070b3
icon_table_arrow@2x.png,.png,40,24,,245c79b10554f3f9bc54d9debe47693d7a780ebc
icon_table_arrow@3x.png,.png,60,36,,d507aa5c20e46389bc41eb25f76fbeff1a86c10a
icon_test@3x.png,.png,60,60,,5cb89eface3084c1ffbf905c8ab105616a965ef5
icon_tips_arrow@2x.png,.png,26,18,,34b30ca55e920d17e081fc4d66b60214913604b6
icon_tips_arrow@3x.png,.png,39,27,,43aef86427e54332a8f9675d09e8b207037d4a5e
icon_tips_close@2x.png,.png,48,48,,a4ccb582b8496fb6f5e6b56e61aebef0e8fb2911
icon_tips_close@3x.png,.png,72,72,,484230e87880eebaa34332dc14046c1a7ebb96b2
icon_tips_copy@2x.png,.png,32,32,,35903778b150567b7bf6bfa8e3c43c1fcd9c3ef9
icon_tips_copy@3x.png,.png,48,48,,8c63d718b987b6f13ca0f1d239891be3fe239d85
icon_tips_correction@2x.png,.png,48,48,correction,b018cb3a34c123c0b76ed838aa520deba61f16b7
icon_tips_correction@3x.png,.png,72,72,correction,0d37aea62d4679fd70492de9f16aa88a3e1ac8bc
icon_tips_error@2x.png,.png,28,28,,d74ee060a868753f4394b368837589aee2cb4bda
icon_tips_error@3x.png,.png,42,42,,75e001050f842fc597c0719484ba8540d2688dc2
icon_tips_loading@2x.png,.png,28,28,,447a07c10d9335cafaaa82babcee59d6c2ee46cc
icon_tips_loading@3x.png,.png,42,42,,10d7b53ddd1982a79d22692eea983dacebda9d23
icon_tips_loading_dark@2x.png,.png,28,28,,a0e0aff0c2364453ff5c67ebfa9e76d8677730f9
icon_tips_loading_dark@3x.png,.png,42,42,,c38a572ca9e42bf9d46d7bb32bc6601beed7d8ac
icon_tips_success@2x.png,.png,28,28,,5f352f1350f2912d1fcd7f097c2e77895c54ac4f
icon_tips_success@3x.png,.png,42,42,,38921eddd18aaaa5ca8c6f96fffd4937c57e44b4
icon_toast_view2_arrow@2x.png,.png,20,28,,b502f960a6021eef6007e4461447a49bfa8c9df3
icon_toast_view2_arrow@3x.png,.png,30,42,,a64e1f0808aa599a44ff38d3828dfac00afd8534
icon_toolbar_995@3x.png,.png,102,102,,88c126580dba1d09272da735c9def85ee2f4691d
icon_toolbar_back@2x.png,.png,48,48,,d462d1986765177e79affcf2f453a7714571a7b0
icon_toolbar_back@3x.png,.png,72,72,,c3fffb4ac8eb710159b3f104f8d0382440c579ec
icon_toolbar_close@2x.png,.png,48,48,,ce7346314877b6f58850af16de3256c9e88646d7
icon_toolbar_close@3x.png,.png,72,72,,57c4fab8e148d0ffa49ecbdacc6ab323fb30ab40
icon_toolbar_custom_sticker@2x.png,.png,68,68,emoji,4b4ac9d2243d51211ab0d8c00b507de21a722ae5
icon_toolbar_custom_sticker@3x.png,.png,102,102,emoji,c20be88aff2167a118569fd4d1ebd99c5b610806
icon_toolbar_debug@2x.png,.png,68,68,,1974ba7005fe6536cca71c10c7e593afc56c611c
icon_toolbar_debug@3x.png,.png,102,102,,2eb7d52bcc52b1e2ad368577674a99de91a5ad79
icon_toolbar_delete@2x.png,.png,24,24,,24c081881f1554e46b2832ac6a75791c78e75791
icon_toolbar_delete@3x.png,.png,36,36,,06a32436e09f12cfaa8c66758300ac1f5b52965c
icon_toolbar_delete_dark@2x.png,.png,24,24,,2e2146a18e1078c43b114231366ff0e89e93faa9
icon_toolbar_delete_dark@3x.png,.png,36,36,,200956392bb21a6749b45e5a44aab412c66ba77f
icon_toolbar_emotion_24@2x.png,.png,64,64,emoji,28d4d3e76ec06fee4beac88a32db822d2093faf3
icon_toolbar_emotion_24@3x.png,.png,96,96,emoji,a3f90811f8aa4bc072607446ce6f0275ab0a1bb0
icon_toolbar_font@2x.png,.png,68,68,,b97f9b6d0e4bbf154b0213fc381b528512f64cb9
icon_toolbar_font@3x.png,.png,102,102,,a142636142b11b1bec4dae17c3f2c7d36c47cffc
icon_toolbar_font_close@2x.png,.png,40,40,,9903f40af4e81f4c6166cbfd9ac9e4ad6f383e91
icon_toolbar_font_close@3x.png,.png,60,60,,7acb1a5834327a7cab71c2de131cc015f091876d
icon_toolbar_logo@2x.png,.png,56,48,,6295c573510e223408dfb65482d55a877693e301
icon_toolbar_logo@3x.png,.png,84,72,,ad8baebc11d08c1140a520d71b32d748164339aa
icon_toolbar_more@2x.png,.png,48,48,,b65904c520c00e8fc20ba7b931f03f863c5b17da
icon_toolbar_more@3x.png,.png,72,72,,cb81c0ebb96071af3074022daf99176a1fba1dd0
icon_toolbar_return@2x.png,.png,48,48,,5aad868a0c94eb7c8d9c7775faff76e1ff60e789
icon_toolbar_return@3x.png,.png,72,72,,5ec4dd42a8a486dce1095901b2a1fa3ecfa4a5e6
icon_topbar_emojicustomize@2x.png,.png,40,40,emoji,c37c06b61104fabc37c9d3eafdf197c7cd7d0e69
icon_topbar_emojicustomize@3x.png,.png,60,60,emoji,5e2420219dd2a6e6f58e7eec262c8a1d8ac5ffeb
icon_topbar_hot_word@2x.png,.png,56,56,,59c053bf6994b8df2c76fff92a93c63d98025ad2
icon_topbar_hot_word@3x.png,.png,84,84,,e126caeb7e8c5cd7040b3d226e65ac5b597f07a9
icon_translate_while_typing.png,.png,108,108,translate,d9add3dbb171685e5b228e2771f68b7bf4d61150
icon_translate_while_typing_dark.png,.png,108,108,translate,b4a0696ee3f5906b320701c361c2926d1e5c40c3
icon_videoinput_recording.png,.png,108,108,,0bd332b50b9250bb38be19c848e40607bba423f8
icon_voice_cancel@2x.png,.png,80,80,voice,7d8dbd2be7e2194dd78082911237157d30ce5e27
icon_voice_cancel@3x.png,.png,120,120,voice,fbca4a25c8b61d5e08544692a728ef6bbb61f5a2
icon_voice_input_close@2x.png,.png,72,72,voice,01742fe082d34523de210c7c091c8b99e3d0df64
icon_voice_input_close@3x.png,.png,108,108,voice,8533c683043f515e4618bdc16bfe480dbef1733c
icon_voice_input_lang_select@2x.png,.png,16,10,voice,a8eee093d93c4d4330ac5900a04ff8c729927b24
icon_voice_input_lang_select@3x.png,.png,24,15,voice,9f1a38531443227b31da3ca05005c8a06d46db4e
icon_voice_input_lang_select_blue@2x.png,.png,16,10,voice,4bf41e0cfa92f7aafc7e0d7f86b92d2db0898420
icon_voice_input_lang_select_blue@3x.png,.png,24,15,voice,735047d5dcd9937a34e610eaecbb51f4962ff5b1
icon_voice_loading.png,.png,126,126,voice,5fca9f649f5882378bff1e3af70d2272fb30edb7
icon_voice_search@2x.png,.png,80,80,voice,77fc18c2027eb54a55930788d000841b33066548
icon_voice_search@3x.png,.png,120,120,voice,5e8d2892224d9ce89fd0803432ee2717892c629e
icon_voice_send@2x.png,.png,80,80,voice,00416865258be496120b23f18c49a114da521924
icon_voice_send@3x.png,.png,120,120,voice,40b68b918590c47263bbdf1511f6e98b43e42016
icon_voice_sfixed@2x.png,.png,80,80,voice,194ea3c42e1731d53202a5985bafce77806737e4
icon_voice_sfixed@3x.png,.png,120,120,voice,a6c192ecdea4b7fdfbd74c6855522ecf7b4e4cc6
icon_zhankai@2x.png,.png,48,48,,98a94ab1d37e886f8baddbf18c88f233fb3c5529
icon_zhankai@3x.png,.png,72,72,,b58857535170aad418337123821a30ffc6e31f74
imeData.bundle/ae.bin,.bin,,,,124af8a67501564344f141c5c7c082c4579769cf
imeData.bundle/akv.bin,.bin,,,,462ddf1f16fe50132c8c290ff84f93bc7dbf0a60
imeData.bundle/amd.bin,.bin,,,,4d145cd0ad810b1e0bdb3d75eb56c4872858ce9c
imeData.bundle/ap.bin,.bin,,,,50fd52d878b5e730c64427f8982a8f744bd10f60
imeData.bundle/awb.bin,.bin,,,,8042b978971bfe445b9f8accb56997ee8a174712
imeData.bundle/bccn.bin,.bin,,,,f55196ebf844ea330979ccf1361b88d199f49f23
imeData.bundle/bwcjp_jianpin.bin,.bin,,,,900fcb845e8d0d6ee85dfa13d398e237561577ac
imeData.bundle/bwcn.bin,.bin,,,,1cea884cdadabba7b49c014b1be10adee9b1d923
imeData.bundle/bwcnen.bin,.bin,,,,bfca810b3b9d63b13c13936d9af15588962857bd
imeData.bundle/bwen.bin,.bin,,,,0e6228585213afc259c25d0a2680e74997f4bb09
imeData.bundle/c4g.bin,.bin,,,,589424f1e74bbee22ce5eaa448884c55804f154b
imeData.bundle/cell_dict.fi,.fi,,,,44efb010a2c345c4ca8ff5560657c1531f24a437
imeData.bundle/cell_dict.hf.zh,.zh,,,,b9205c0e415c36b81feb7554664a009ee5688a2a
imeData.bundle/cell_dict.newhot.common.zh,.zh,,,,bc943af29dc4e43ac075a2852f7e81dbb89cdc10
imeData.bundle/cell_dict.sc.zh,.zh,,,,4dd643c67eddd1aee6c1f996fa9769ac76bf5e60
imeData.bundle/cell_dict.ssrc.zh,.zh,,,,d40a357bf8c3cfef682b18442f0a6b132624e8d6
imeData.bundle/cell_dict.wrw.zh,.zh,,,,91df42eea3866447d0bccb45d2c17b6f2eb739dc
imeData.bundle/e2enrSSI.bin,.bin,,,,82984a6dd32c2dbe9e3344b73cef06c6d39253b0
imeData.bundle/editpinyin.bin,.bin,,,,77c4b502d3e6884cb9c93b6308cb3df22f8c278b
imeData.bundle/editwordt9.bin,.bin,,,,66b8ee97c3728e6dd209021af11af6911e52ac7e
imeData.bundle/elc.bin,.bin,,,,170e48baad107373aad96e836d80c99837cf85ec
imeData.bundle/enfont.bin,.bin,,,,c4a6173b75f2429ac33503392ead5aa5e8203d2b
imeData.bundle/hp_base.bin,.bin,,,,818dde9d7efe8aa37ef5bdeec24d00dca1e12a0a
imeData.bundle/hwd_hand_write.bin,.bin,,,handwriting,030cc3ea50fda9bf2deabf5b0dbf1525d011d168
imeData.bundle/index.json,.json,,,,8732bc4e143c90382ab45ac80962ee3d3d5389ea
imeData.bundle/lmcn.bin,.bin,,,,d5b3dece6c2d7f6a771a179ab35f3047541e937b
imeData.bundle/ln2py.bin,.bin,,,,1a6f9104986d4dcc75e496386e07efd234b0f754
imeData.bundle/md.bin,.bin,,,,265812969d9ba30808377b4fb2b7890fa898d3c9
imeData.bundle/mdltr.bin,.bin,,,,7ce0f34acfe2361a55a4fb84ed3eaa17050c7c41
imeData.bundle/mpd_e2e.bin,.bin,,,,a319fe4d3ea71ba1115c259e11089fea463ec615
imeData.bundle/noun_tag_dict.bin,.bin,,,,6adca2ae7d2b6f0656b6dd61540a50e6907aed85
imeData.bundle/pcc.bin,.bin,,,,3db3aac4c82acb316bbf4e6690d71c2579b8d152
imeData.bundle/prism_v2.bin,.bin,,,,45f74e3aaa978f93afd80606578801b4cd492026
imeData.bundle/pskvd.bin,.bin,,,,2798d4cbfee82f64ad01fe7d6e1520f3b24d8d59
imeData.bundle/rsd.bin,.bin,,,,7096b6584d1766a8e019da6fb3b1d77c7758b853
imeData.bundle/sd.bin,.bin,,,,d765218879452ed02e9a944be499eb4a8d284d21
imeData.bundle/slwd_second_level.bin,.bin,,,,79f4f2265cbaa4ca05aea484b775489e47b11a74
imeData.bundle/ssd.bin,.bin,,,,c437e05c3e222d413877df9d3b8c71a9488f33cb
imeData.bundle/stt.bin,.bin,,,,4ef547a09c150134526d316a8c4569e354c96e2d
imeData.bundle/sw.bin,.bin,,,,94034131106e61e9a26df68fb8f276fed5bbe6bb
imeData.bundle/swbd86.bin,.bin,,,,74d27320667414f9c445df561a24e4dc1b807177
imeData.bundle/swbd98.bin,.bin,,,,edf647b4515c4f323961402e9aae101cb791b2c0
imeData.bundle/swbdnc.bin,.bin,,,,fe0be1fb8f371192447ac9d250e912f67f376eb2
imeData.bundle/tcd.bin,.bin,,,,52d8c2939a3bce0f059f92b8cc966759026185e6
imeData.bundle/tts.bin,.bin,,,,73ed8a97576bf3bd620902704b87d32da4e16043
imeData.bundle/ucw.bin,.bin,,,,8780f8a7faea17cec9d513f1d42298ebfe3f3217
imeData.bundle/wkvc2e.bin,.bin,,,,b078bdab2157d3218462f87981e78d0a6cc8615d
imeData.bundle/wltm.bin,.bin,,,,a4919594466ee28060d48eed25de5dfe2a267739
imeData.bundle/wlwmd.bin,.bin,,,,972f53ddde56ae1c0c0329fe7cbaf7e468c14265
imeData.bundle/wpen.bin,.bin,,,,effd1f80af66032b8aada0c1879230e2cff850f3
imeData.bundle/wsd.bin,.bin,,,,de6d22f8ce2c81aa275d7cc82a2cfc678620d9a5
imeData.bundle/wtid.bin,.bin,,,,46cd4ec2531e3bd4de4529337059c52e97348e30
imeData.bundle/wwkvc2e.bin,.bin,,,,a7f254b51160a744bc676e0b8d46017309d76b5e
key_background@2x.png,.png,26,28,,f2276fbe49579468782295e1874e545d6af4e585
key_background@3x.png,.png,39,42,,e58024c9433970b13358f3a4214f961fc8b2aac7
keyboard2_earth@2x.png,.png,28,28,keyboard,7339ac5b3a3876a6dc99b611290eb4de6c052027
keyboard2_earth@3x.png,.png,42,42,keyboard,17839c5a771eb9df39bdf99130d91c54ca57f695
keyboard2_t26_nor@2x.png,.png,28,28,keyboard,2ed5ad3a1a58822a8d7d145ad84cc371fea46edc
keyboard2_t26_nor@3x.png,.png,42,42,keyboard,062940100c830dc59e14af8a8134246de1e9ab19
keyboard2_t26_sel@2x.png,.png,28,28,keyboard,ba28f2847fea9d473702a8476b74952e599690b5
keyboard2_t26_sel@3x.png,.png,42,42,keyboard,b883177427d81464c046f4b0296f578fdd048797
keyboard2_t9_nor@2x.png,.png,28,28,keyboard,0f18357f49a1f4abe0797f079d53e6b9dc587960
keyboard2_t9_nor@3x.png,.png,42,42,keyboard,4b89065db19abe23d4ce24817111bf2789fe5c2c
keyboard2_t9_sel@2x.png,.png,28,28,keyboard,6032e4d6ed3911578d71d13c6e1b8c74d3d03823
keyboard2_t9_sel@3x.png,.png,42,42,keyboard,85c5d97770cc6298408ccc1cb7394314386bcd05
logo_grey@2x.png,.png,68,68,,2fad81da862b8c4c730a13c6fdd69e520bdfd7fa
logo_grey@3x.png,.png,102,102,,52a835803f41ee88d09c97c8a74424ff1bbd22b5
logo_grey_dark@2x.png,.png,68,68,,d4f0d961bd2a5cf4140cd064d77c69fffb4e9ed7
logo_grey_dark@3x.png,.png,102,102,,b48c42f79405703fa7a26ce3f3b4f7888f264045
logo_white@2x.png,.png,68,68,,ecd40ac0689d32fe8b149140969f77c84b480565
logo_white@3x.png,.png,102,102,,a0db7e2ce3cb2bdf2fddb3f7ca90091b3ef19ebf
logo_white_dark@2x.png,.png,68,68,,24e3e84d5a7f151c75a0b8109a3ff2a3c7629c5a
logo_white_dark@3x.png,.png,102,102,,7f37733874f9c16e51f941bbc8622bc79d6593a2
mask.png,.png,128,128,,fa05ddcbf1800a8d41664b1af01e79e723df4d26
numpad.ini,.ini,,,,3cba0c5223656b2c9df2d4812f791bc3234b37b5
patchTest/20240304-214405646-ocs.zip,.zip,,,,b533f58d8dd4ed47cfc97bf4b72ea1f1a3ce170a
product,,,,,8751e262f0d037de33d8ca9d31061d7b64aade32
scripts/bodymovin.js,.js,,,,f75bcfde2c6f305a444dfa32d62a0151679576f3
scripts/index.js,.js,,,,5da4f098ed320ff5a9260e29accb99c5091d8b62
smiley_17b.png,.png,128,128,,e85538912bde5feb8435b2762fec31bd75f6bc13
smiley_39b.png,.png,128,128,,49857251dd29f9109e743e988af7df015620f7e6
smiley_83b.png,.png,128,128,,b3a8e603c8b0ffb3f9e79885164f4e70f0db97a4
sticker_0.gif,.gif,240,240,emoji,13d6b5bf32858a695636b56a4f8b6a80d755a2df
sticker_1.gif,.gif,240,240,emoji,13b3a4d0e61ee50b6bc2afa46c38bd898f015001
sticker_10.gif,.gif,240,240,emoji,51eaad8f6dfdcf1381137a3303d4c7f12a38d053
sticker_11.gif,.gif,240,240,emoji,8526257cb971f4671908a94d207d07ead16fce2f
sticker_12.gif,.gif,240,240,emoji,e8d3709787ba584239797c04b3aa32391f64ee43
sticker_13.gif,.gif,240,240,emoji,53962fcefe9fce9440fb34383c9fb0185fb0446f
sticker_14.gif,.gif,240,240,emoji,dfb9760dd7c99a2402caa717d1c18aad412330b5
sticker_15.gif,.gif,240,240,emoji,8a9689d52de187309dd0bcba6ff3c40de018ec27
sticker_16.gif,.gif,240,240,emoji,472c11cee77299b1d120d12dbc845c8e0ec18496
sticker_17.gif,.gif,240,240,emoji,ef262503c8018d130f3cbf9cc6b8382fb6a31716
sticker_2.gif,.gif,240,240,emoji,db6bfd6434d3b42b6806533dab73e4bf41cc7ea8
sticker_3.gif,.gif,240,240,emoji,a08794bc5940e027d1f46261c0bf0920fdc814c8
sticker_4.gif,.gif,240,240,emoji,615dad90f93157224456d814b7d462c09847e6bf
sticker_5.gif,.gif,240,240,emoji,56c4278d219135c4c5d685f1d0dd6ed29d699e43
sticker_6.gif,.gif,240,240,emoji,a8d75886acb77c8d455114091904739f039bbf7f
sticker_7.gif,.gif,240,240,emoji,4908f1d29e90b1c4c69c920e9529a2693aaad5ff
sticker_8.gif,.gif,240,240,emoji,47b9dc5269b0904ff72c77d6a4b643666242f5e6
sticker_9.gif,.gif,240,240,emoji,06f463632db22ea9bf0a5680c4f78607ac25d8f4
style.ini,.ini,,,,45d820569000517d577aa1c2d6626f56a7895ef7
t26_cn_symbol.ini,.ini,,,symbols,9f35443de74a6d6c31f3c97909d93471d977b473
t26_en.ini,.ini,,,,64ee1da9945fe4b1caef017c0ee1df0cade8f2b5
t26_en_symbol.ini,.ini,,,symbols,af031c8cd3e7a9dadd1edbdef32802b4ab82f604
t26_inner_hw.ini,.ini,,,,6fb383183ed9e01693186162ca736af9a3fed709
t26_pinyin.ini,.ini,,,,543a393e9b5c1723a0c0cae79276855c8d70ba59
t26_wubi.ini,.ini,,,,a24c3104cbaea9d1c11563bb9d14b092e120683c
t9_inner_hw.ini,.ini,,,,f1be7497cedf29ff3c8a05013a2fdafec82bbf8b
t9_number.ini,.ini,,,,7e8b9c3cfdd83f7b56da952300dd1bf7308f9ce2
t9_number_26.ini,.ini,,,,6092112aee5e79d590a3051e5409e98780e89f63
t9_pinyin.ini,.ini,,,,106fdae1922b669083f94205838dd56143df63ca
t9_stroke.ini,.ini,,,,fa61f22e6830149e712402caf9e6d5e814308124
ugly.png,.png,128,128,,9c74ac72e792db1c5ab2e121245188f3ab919883
wxkb_plugin,,,,,be7fc99be6b08039b18c545952b65954cc5dfc58
xixi.png,.png,128,128,,5ea5216a5eef20af899c30a671d471b6fc24eaf2
zh-Hans.lproj/Keyboard.strings,.strings,,,keyboard,ce657a52a052a3aaf534ecfbf7cbdde4ee334c10
秒针.png,.png,300,300,,03f14665d4bdd0a31a176929435e847eb56606df
